ided_ob_id,taxon,identification_reference,id_by,notes,percent_identity,date_identified,accession_number
8772,Esteya floridana,Post Phylogenetic Analysis,11,,0,2024-08-29T22:29:41.318Z,
8774,Esteya floridana,Post Phylogenetic Analysis,11,,0,2024-08-29T22:29:41.318Z,
8775,Ceratocystiopsis lunata,Post Phylogenetic Analysis,11,,0,2024-08-29T22:29:41.318Z,
8778,Raffaelea xyleborini,Post Phylogenetic Analysis,11,,0,2024-08-29T22:29:41.318Z,
8779,Ambrosiozyma sp.,Post Phylogenetic Analysis,11,,0,2024-08-29T22:29:41.318Z,
8781,Raffaelea xyleborini,Post Phylogenetic Analysis,11,,0,2024-08-29T22:29:41.318Z,
8783,Raffaelea xyleborini,Post Phylogenetic Analysis,11,,0,2024-08-29T22:29:41.318Z,
8784,Ambrosiozyma sp.,Post Phylogenetic Analysis,11,,0,2024-08-29T22:29:41.318Z,
8785,Ambrosiozyma sp.,Post Phylogenetic Analysis,11,,0,2024-08-29T22:29:41.318Z,
8786,Sporothrix sp.,Post Phylogenetic Analysis,11,,0,2024-08-29T22:29:41.318Z,
8787,Raffaelea xyleborini,Post Phylogenetic Analysis,11,,0,2024-08-29T22:29:41.318Z,
8788,Ambrosiozyma sp.,Post Phylogenetic Analysis,11,,0,2024-08-29T22:29:41.318Z,
8789,Raffaelea xyleborini,Post Phylogenetic Analysis,11,,0,2024-08-29T22:29:41.318Z,
8790,Ambrosiozyma sp.,Post Phylogenetic Analysis,11,,0,2024-08-29T22:29:41.318Z,
8792,Raffaelea sp. 3,Post Phylogenetic Analysis,11,,0,2024-08-29T22:29:41.318Z,
9093,Raffaelea sulcati CBS 806.70,,11,,0.9889,2023-05-01T00:00:00.000Z,NG_064084
9094,Saccharomycopsis selenospora CBS 2562,,11,,0.9618000000000001,2023-05-01T00:00:00.000Z,NG_058393
9020,Ambrosiozyma sp.,Post Phylogenetic Analysis,11,,0,2024-08-29T22:29:41.318Z,
8794,Raffaelea xyleborini,Post Phylogenetic Analysis,11,,0,2024-08-29T22:29:41.318Z,
8795,Ambrosiozyma sp.,Post Phylogenetic Analysis,11,,0,2024-08-29T22:29:41.318Z,
8796,Raffaelea xyleborini,Post Phylogenetic Analysis,11,,0,2024-08-29T22:29:41.318Z,
8799,Raffaelea xyleborini,Post Phylogenetic Analysis,11,,0,2024-08-29T22:29:41.318Z,
8800,Ceratocystiopsis lunata,Post Phylogenetic Analysis,11,,0,2024-08-29T22:29:41.318Z,
8801,Raffaelea sp. 3,Post Phylogenetic Analysis,11,,0,2024-08-29T22:29:41.318Z,
8802,Ceratocystiopsis lunata,Post Phylogenetic Analysis,11,,0,2024-08-29T22:29:41.318Z,
8803,Ceratocystiopsis lunata,Post Phylogenetic Analysis,11,,0,2024-08-29T22:29:41.318Z,
8804,Raffaelea sp. 3,Post Phylogenetic Analysis,11,,0,2024-08-29T22:29:41.318Z,
8809,Raffaelea xyleborini,Post Phylogenetic Analysis,11,,0,2024-08-29T22:29:41.318Z,
3476,"Euplatypus parallelus (Fabricius, 1801) ",,11,,0,2022-06-16T15:08:00.000Z,
3486,"Euplatypus parallelus (Fabricius, 1801) ",,11,,0,2022-06-14T15:08:00.000Z,
8901,Raffaelea sulcati CBS 806.70,,11,,0.009889,2023-05-01T00:00:00.000Z,NG_064084
8902,Raffaelea santoroi CBS 399.67,,11,,0.009537,2023-05-01T00:00:00.000Z,NG_064067
8903,Starmera dryadoides NRRL Y-10990,,11,,0.009366,2023-05-01T00:00:00.000Z,EF550290
8904,Starmera dryadoides NRRL Y-10990,,11,,0.009377,2023-05-01T00:00:00.000Z,EF550290
8905,Starmera dryadoides NRRL Y-10990,,11,,0.009413,2023-05-01T00:00:00.000Z,EF550290
8812,Saccharomycopsis sp.,Post Phylogenetic Analysis,11,,0,2024-08-29T22:29:41.318Z,
8814,Ambrosiozyma sp.,Post Phylogenetic Analysis,11,,0,2024-08-29T22:29:41.318Z,
8817,Harringtonia chlamydospora,Post Phylogenetic Analysis,11,,0,2024-08-29T22:29:41.318Z,
8818,Raffaelea xyleborini,Post Phylogenetic Analysis,11,,0,2024-08-29T22:29:41.318Z,
8819,Ceratocystiopsis lunata,Post Phylogenetic Analysis,11,,0,2024-08-29T22:29:41.318Z,
8820,Ceratocystiopsis lunata,Post Phylogenetic Analysis,11,,0,2024-08-29T22:29:41.318Z,
8822,Raffaelea xyleborini,Post Phylogenetic Analysis,11,,0,2024-08-29T22:29:41.318Z,
8824,Raffaelea xyleborini,Post Phylogenetic Analysis,11,,0,2024-08-29T22:29:41.318Z,
8826,Ceratocystiopsis lunata,Post Phylogenetic Analysis,11,,0,2024-08-29T22:29:41.318Z,
8773,Raffaelea xyleborini,Post Phylogenetic Analysis,11,,0,2024-08-29T22:29:41.318Z,
8777,Dryadomyces sp.,Post Phylogenetic Analysis,11,,0,2024-08-29T22:29:41.318Z,
8816,Ceratocystiopsis lunata,Post Phylogenetic Analysis,11,,0,2024-08-29T22:29:41.318Z,
8821,Harringtonia arthroconidialis,Post Phylogenetic Analysis,11,,0,2024-08-29T22:29:41.318Z,
8831,Starmera sp.,Post Phylogenetic Analysis,11,,0,2024-08-29T22:29:41.318Z,
8832,Starmera sp.,Post Phylogenetic Analysis,11,,0,2024-08-29T22:29:41.318Z,
8835,Ambrosiozyma sp.,Post Phylogenetic Analysis,11,,0,2024-08-29T22:29:41.318Z,
8836,Ambrosiozyma sp.,Post Phylogenetic Analysis,11,,0,2024-08-29T22:29:41.318Z,
8837,Ogataea sp. 2,Post Phylogenetic Analysis,11,,0,2024-08-29T22:29:41.318Z,
8838,Ambrosiozyma sp.,Post Phylogenetic Analysis,11,,0,2024-08-29T22:29:41.318Z,
8839,Ambrosiozyma sp.,Post Phylogenetic Analysis,11,,0,2024-08-29T22:29:41.318Z,
8840,Ambrosiozyma sp.,Post Phylogenetic Analysis,11,,0,2024-08-29T22:29:41.318Z,
8841,Ambrosiozyma sp.,Post Phylogenetic Analysis,11,,0,2024-08-29T22:29:41.318Z,
8842,Ceratocystiopsis lunata,Post Phylogenetic Analysis,11,,0,2024-08-29T22:29:41.318Z,
8843,Ambrosiozyma sp.,Post Phylogenetic Analysis,11,,0,2024-08-29T22:29:41.318Z,
8844,Ceratocystiopsis lunata,Post Phylogenetic Analysis,11,,0,2024-08-29T22:29:41.318Z,
8845,Ambrosiozyma sp.,Post Phylogenetic Analysis,11,,0,2024-08-29T22:29:41.318Z,
8846,Raffaelea sp. 1,Post Phylogenetic Analysis,11,,0,2024-08-29T22:29:41.318Z,
8847,Raffaelea sp. 1,Post Phylogenetic Analysis,11,,0,2024-08-29T22:29:41.318Z,
8848,Saccharomycopsis sp.,Post Phylogenetic Analysis,11,,0,2024-08-29T22:29:41.318Z,
8849,Raffaelea xyleborini,Post Phylogenetic Analysis,11,,0,2024-08-29T22:29:41.318Z,
8850,Ambrosiozyma sp.,Post Phylogenetic Analysis,11,,0,2024-08-29T22:29:41.318Z,
8852,Ambrosiozyma sp.,Post Phylogenetic Analysis,11,,0,2024-08-29T22:29:41.318Z,
8853,Ambrosiozyma sp.,Post Phylogenetic Analysis,11,,0,2024-08-29T22:29:41.318Z,
8854,Raffaelea sp. 2,Post Phylogenetic Analysis,11,,0,2024-08-29T22:29:41.318Z,
8855,Raffaelea sp. 1,Post Phylogenetic Analysis,11,,0,2024-08-29T22:29:41.318Z,
8856,Raffaelea xyleborini,Post Phylogenetic Analysis,11,,0,2024-08-29T22:29:41.318Z,
8857,Raffaelea xyleborini,Post Phylogenetic Analysis,11,,0,2024-08-29T22:29:41.318Z,
8858,Raffaelea xyleborini,Post Phylogenetic Analysis,11,,0,2024-08-29T22:29:41.318Z,
8859,Raffaelea xyleborini,Post Phylogenetic Analysis,11,,0,2024-08-29T22:29:41.318Z,
8860,Raffaelea xyleborini,Post Phylogenetic Analysis,11,,0,2024-08-29T22:29:41.318Z,
8861,Saccharomycopsis sp.,Post Phylogenetic Analysis,11,,0,2024-08-29T22:29:41.318Z,
8862,Raffaelea xyleborini,Post Phylogenetic Analysis,11,,0,2024-08-29T22:29:41.318Z,
8863,Raffaelea xyleborini,Post Phylogenetic Analysis,11,,0,2024-08-29T22:29:41.318Z,
8864,Raffaelea sp. 2,Post Phylogenetic Analysis,11,,0,2024-08-29T22:29:41.318Z,
8865,Raffaelea xyleborini,Post Phylogenetic Analysis,11,,0,2024-08-29T22:29:41.318Z,
8866,Ambrosiozyma sp.,Post Phylogenetic Analysis,11,,0,2024-08-29T22:29:41.318Z,
8867,Raffaelea xyleborini,Post Phylogenetic Analysis,11,,0,2024-08-29T22:29:41.318Z,
8868,Starmera sp.,Post Phylogenetic Analysis,11,,0,2024-08-29T22:29:41.318Z,
8869,Ceratocystiopsis lunata,Post Phylogenetic Analysis,11,,0,2024-08-29T22:29:41.318Z,
8870,Ceratocystiopsis lunata,Post Phylogenetic Analysis,11,,0,2024-08-29T22:29:41.318Z,
8871,Raffaelea xyleborini,Post Phylogenetic Analysis,11,,0,2024-08-29T22:29:41.318Z,
8872,Raffaelea xyleborini,Post Phylogenetic Analysis,11,,0,2024-08-29T22:29:41.318Z,
8873,Ambrosiozyma sp.,Post Phylogenetic Analysis,11,,0,2024-08-29T22:29:41.318Z,
8875,Ambrosiozyma sp.,Post Phylogenetic Analysis,11,,0,2024-08-29T22:29:41.318Z,
8876,Ceratocystiopsis lunata,Post Phylogenetic Analysis,11,,0,2024-08-29T22:29:41.318Z,
8877,Ceratocystiopsis lunata,Post Phylogenetic Analysis,11,,0,2024-08-29T22:29:41.318Z,
8878,Raffaelea xyleborini,Post Phylogenetic Analysis,11,,0,2024-08-29T22:29:41.318Z,
8879,Ceratocystiopsis lunata,Post Phylogenetic Analysis,11,,0,2024-08-29T22:29:41.318Z,
8880,Raffaelea sp. 1,Post Phylogenetic Analysis,11,,0,2024-08-29T22:29:41.318Z,
8881,Starmera sp.,Post Phylogenetic Analysis,11,,0,2024-08-29T22:29:41.318Z,
8882,Starmera sp.,Post Phylogenetic Analysis,11,,0,2024-08-29T22:29:41.318Z,
8883,Starmera sp.,Post Phylogenetic Analysis,11,,0,2024-08-29T22:29:41.318Z,
8884,Ambrosiozyma sp.,Post Phylogenetic Analysis,11,,0,2024-08-29T22:29:41.318Z,
8885,Ambrosiozyma sp.,Post Phylogenetic Analysis,11,,0,2024-08-29T22:29:41.318Z,
8886,Ambrosiozyma sp.,Post Phylogenetic Analysis,11,,0,2024-08-29T22:29:41.318Z,
8887,Starmera dryadoides,Post Phylogenetic Analysis,11,,0,2024-08-29T22:29:41.318Z,
8888,Ambrosiozyma sp.,Post Phylogenetic Analysis,11,,0,2024-08-29T22:29:41.318Z,
8889,Starmera sp.,Post Phylogenetic Analysis,11,,0,2024-08-29T22:29:41.318Z,
8890,Raffaelea xyleborini,Post Phylogenetic Analysis,11,,0,2024-08-29T22:29:41.318Z,
8891,Raffaelea xyleborini,Post Phylogenetic Analysis,11,,0,2024-08-29T22:29:41.318Z,
8892,Raffaelea xyleborini,Post Phylogenetic Analysis,11,,0,2024-08-29T22:29:41.318Z,
8893,Starmera sp.,Post Phylogenetic Analysis,11,,0,2024-08-29T22:29:41.318Z,
8894,Raffaelea xyleborini,Post Phylogenetic Analysis,11,,0,2024-08-29T22:29:41.318Z,
8895,Starmera sp.,Post Phylogenetic Analysis,11,,0,2024-08-29T22:29:41.318Z,
8896,Starmera sp.,Post Phylogenetic Analysis,11,,0,2024-08-29T22:29:41.318Z,
8897,Starmera sp.,Post Phylogenetic Analysis,11,,0,2024-08-29T22:29:41.318Z,
8898,Starmera sp.,Post Phylogenetic Analysis,11,,0,2024-08-29T22:29:41.318Z,
8899,Ceratocystiopsis lunata,Post Phylogenetic Analysis,11,,0,2024-08-29T22:29:41.318Z,
8900,Starmera sp.,Post Phylogenetic Analysis,11,,0,2024-08-29T22:29:41.318Z,
8901,Raffaelea xyleborini,Post Phylogenetic Analysis,11,,0,2024-08-29T22:29:41.318Z,
8902,Raffaelea sp. 2,Post Phylogenetic Analysis,11,,0,2024-08-29T22:29:41.318Z,
8903,Starmera sp.,Post Phylogenetic Analysis,11,,0,2024-08-29T22:29:41.318Z,
8904,Starmera sp.,Post Phylogenetic Analysis,11,,0,2024-08-29T22:29:41.318Z,
8905,Starmera sp.,Post Phylogenetic Analysis,11,,0,2024-08-29T22:29:41.318Z,
8906,Starmera sp.,Post Phylogenetic Analysis,11,,0,2024-08-29T22:29:41.318Z,
8907,Starmera sp.,Post Phylogenetic Analysis,11,,0,2024-08-29T22:29:41.318Z,
8908,Starmera sp.,Post Phylogenetic Analysis,11,,0,2024-08-29T22:29:41.318Z,
8909,Raffaelea sp. 2,Post Phylogenetic Analysis,11,,0,2024-08-29T22:29:41.318Z,
8910,Ambrosiozyma sp.,Post Phylogenetic Analysis,11,,0,2024-08-29T22:29:41.318Z,
8911,Ambrosiozyma sp.,Post Phylogenetic Analysis,11,,0,2024-08-29T22:29:41.318Z,
8912,Ambrosiozyma sp.,Post Phylogenetic Analysis,11,,0,2024-08-29T22:29:41.318Z,
8913,Ambrosiozyma sp.,Post Phylogenetic Analysis,11,,0,2024-08-29T22:29:41.318Z,
8914,Ogataea sp. 2,Post Phylogenetic Analysis,11,,0,2024-08-29T22:29:41.318Z,
8915,Saccharomycopsis sp.,Post Phylogenetic Analysis,11,,0,2024-08-29T22:29:41.318Z,
8916,Saccharomycopsis sp.,Post Phylogenetic Analysis,11,,0,2024-08-29T22:29:41.318Z,
8917,Ambrosiozyma sp.,Post Phylogenetic Analysis,11,,0,2024-08-29T22:29:41.318Z,
8918,Starmera sp.,Post Phylogenetic Analysis,11,,0,2024-08-29T22:29:41.318Z,
8919,Raffaelea xyleborini,Post Phylogenetic Analysis,11,,0,2024-08-29T22:29:41.318Z,
8920,Raffaelea xyleborini,Post Phylogenetic Analysis,11,,0,2024-08-29T22:29:41.318Z,
8921,Saccharomycopsis sp.,Post Phylogenetic Analysis,11,,0,2024-08-29T22:29:41.318Z,
8924,Ogataea sp. 2,Post Phylogenetic Analysis,11,,0,2024-08-29T22:29:41.318Z,
8925,Raffaelea xyleborini,Post Phylogenetic Analysis,11,,0,2024-08-29T22:29:41.318Z,
8926,Harringtonia sp.,Post Phylogenetic Analysis,11,,0,2024-08-29T22:29:41.318Z,
8928,Harringtonia arthroconidialis,Post Phylogenetic Analysis,11,,0,2024-08-29T22:29:41.318Z,
8929,Harringtonia arthroconidialis,Post Phylogenetic Analysis,11,,0,2024-08-29T22:29:41.318Z,
8933,Starmera sp.,Post Phylogenetic Analysis,11,,0,2024-08-29T22:29:41.318Z,
8934,Starmera sp.,Post Phylogenetic Analysis,11,,0,2024-08-29T22:29:41.318Z,
8935,Starmera sp.,Post Phylogenetic Analysis,11,,0,2024-08-29T22:29:41.318Z,
8936,Starmera sp.,Post Phylogenetic Analysis,11,,0,2024-08-29T22:29:41.318Z,
8938,Raffaelea sp. 2,Post Phylogenetic Analysis,11,,0,2024-08-29T22:29:41.318Z,
8939,Ambrosiozyma sp.,Post Phylogenetic Analysis,11,,0,2024-08-29T22:29:41.318Z,
8940,Ambrosiozyma sp.,Post Phylogenetic Analysis,11,,0,2024-08-29T22:29:41.318Z,
8922,Dipodascopsis sp.,Post Phylogenetic Analysis,11,,0,2024-08-29T22:29:41.318Z,
8941,Harringtonia arthroconidialis,Post Phylogenetic Analysis,11,,0,2024-08-29T22:29:41.318Z,
8942,Harringtonia arthroconidialis,Post Phylogenetic Analysis,11,,0,2024-08-29T22:29:41.318Z,
8943,Harringtonia arthroconidialis,Post Phylogenetic Analysis,11,,0,2024-08-29T22:29:41.318Z,
8944,Harringtonia arthroconidialis,Post Phylogenetic Analysis,11,,0,2024-08-29T22:29:41.318Z,
8945,Harringtonia arthroconidialis,Post Phylogenetic Analysis,11,,0,2024-08-29T22:29:41.318Z,
8946,Ambrosiozyma sp.,Post Phylogenetic Analysis,11,,0,2024-08-29T22:29:41.318Z,
8947,Saccharomycopsis sp.,Post Phylogenetic Analysis,11,,0,2024-08-29T22:29:41.318Z,
8834,Ogataea sp. 2,Post Phylogenetic Analysis,11,,0,2024-08-29T22:29:41.318Z,
8927,Harringtonia arthroconidialis,Post Phylogenetic Analysis,11,,0,2024-08-29T22:29:41.318Z,
8932,Harringtonia arthroconidialis,Post Phylogenetic Analysis,11,,0,2024-08-29T22:29:41.318Z,
8948,Esteya sp. Hulcr 14639,,11,,0.9976,2023-05-01T00:00:00.000Z,LC363546
8949,Esteya sp. Hulcr 14639,,11,,0.9976,2023-05-01T00:00:00.000Z,LC363546
8950,Ceratocystiopsis lunata CMW 55897,,11,,0.9986,2023-05-01T00:00:00.000Z,NG_075394
8951,Raffaelea sulcati CBS 806.70,,11,,0.9876999999999999,2023-05-01T00:00:00.000Z,NG_064084
8952,Ambrosiozyma monospora NRRL Y-1484,,11,,1,2023-05-01T00:00:00.000Z,NG_055195
8953,Raffaelea sulcati CBS 806.70,,11,,0.9884999999999999,2023-05-01T00:00:00.000Z,NG_064084
8954,Raffaelea sulcati CBS 806.70,,11,,0.9884999999999999,2023-05-01T00:00:00.000Z,NG_064084
8955,Raffaelea sulcati CBS 806.70,,11,,0.9876999999999999,2023-05-01T00:00:00.000Z,NG_064084
8956,Raffaelea sulcati CBS 806.70,,11,,0.9886,2023-05-01T00:00:00.000Z,NG_064084
8957,Ambrosiozyma monospora NRRL Y-1484,,11,,1,2023-05-01T00:00:00.000Z,NG_055195
8958,Ambrosiozyma monospora NRRL Y-1484,,11,,1,2023-05-01T00:00:00.000Z,NG_055195
8959,Sporothrix stylites CBS 118848,,11,,0.9887999999999999,2023-05-01T00:00:00.000Z,MH874594
8960,Raffaelea sulcati CBS 806.70,,11,,0.9886,2023-05-01T00:00:00.000Z,NG_064084
8961,Ambrosiozyma monospora NRRL Y-1484,,11,,1,2023-05-01T00:00:00.000Z,NG_055195
8962,Raffaelea sulcati CBS 806.70,,11,,0.9886,2023-05-01T00:00:00.000Z,NG_064084
8963,Ambrosiozyma monospora NRRL Y-1484,,11,,1,2023-05-01T00:00:00.000Z,NG_055195
8964,Raffaelea sulcati CBS 806.70,,11,,0.9889,2023-05-01T00:00:00.000Z,NG_064084
8965,Raffaelea sulcati CBS 806.70,,11,,0.985,2023-05-01T00:00:00.000Z,NG_064084
8966,Raffaelea sulcati CBS 806.70,,11,,0.9889,2023-05-01T00:00:00.000Z,NG_064084
8967,Raffaelea sulcati CBS 806.70,,11,,0.9876999999999999,2023-05-01T00:00:00.000Z,NG_064084
8968,Ambrosiozyma monospora NRRL Y-1484,,11,,1,2023-05-01T00:00:00.000Z,NG_055195
8969,Raffaelea sulcati CBS 806.70,,11,,0.9878,2023-05-01T00:00:00.000Z,NG_064084
8970,Raffaelea sulcati CBS 806.70,,11,,0.9876999999999999,2023-05-01T00:00:00.000Z,NG_064084
8971,Raffaelea sulcati CBS 806.70,,11,,0.9886,2023-05-01T00:00:00.000Z,NG_064084
8972,Raffaelea sulcati CBS 806.70,,11,,0.9876999999999999,2023-05-01T00:00:00.000Z,NG_064084
8973,Ceratocystiopsis lunata CMW 55897,,11,,0.9986,2023-05-01T00:00:00.000Z,NG_075394
8974,Raffaelea sulcati CBS 806.70,,11,,0.9852,2023-05-01T00:00:00.000Z,NG_064084
8975,Ceratocystiopsis lunata CMW 55897,,11,,0.9986,2023-05-01T00:00:00.000Z,NG_075394
8976,Ceratocystiopsis lunata CMW 55897,,11,,0.9986,2023-05-01T00:00:00.000Z,NG_075394
8977,Raffaelea sulcati CBS 806.70,,11,,0.9884999999999999,2023-05-01T00:00:00.000Z,NG_064084
8978,Raffaelea sulcati CBS 806.70,,11,,0.9876999999999999,2023-05-01T00:00:00.000Z,NG_064084
8979,Raffaelea sulcati CBS 806.70,,11,,0.9889,2023-05-01T00:00:00.000Z,NG_064084
8980,Raffaelea sulcati CBS 806.70,,11,,0.9876999999999999,2023-05-01T00:00:00.000Z,NG_064084
8981,Raffaelea sulcati CBS 806.70,,11,,0.9884000000000001,2023-05-01T00:00:00.000Z,NG_064084
8982,Raffaelea sulcati CBS 806.70,,11,,0.9878,2023-05-01T00:00:00.000Z,NG_064084
8983,Raffaelea sulcati CBS 806.70,,11,,0.9882,2023-05-01T00:00:00.000Z,NG_064084
8984,Saccharomycopsis selenospora CBS 2562,,11,,0.9609000000000001,2023-05-01T00:00:00.000Z,NG_058393
8985,Raffaelea sulcati CBS 806.70,,11,,0.9884000000000001,2023-05-01T00:00:00.000Z,NG_064084
8986,Ambrosiozyma monospora NRRL Y-1484,,11,,1,2023-05-01T00:00:00.000Z,NG_055195
8987,Raffaelea sulcati CBS 806.70,,11,,0.9854999999999999,2023-05-01T00:00:00.000Z,NG_064084
8988,Raffaelea lauricola CBS 121567,,11,,0.9697,2023-05-01T00:00:00.000Z,NG_058027
8989,Raffaelea sulcati CBS 806.70,,11,,0.9889,2023-05-01T00:00:00.000Z,NG_064084
8990,Ceratocystiopsis lunata CMW 55897,,11,,0.9986,2023-05-01T00:00:00.000Z,NG_075394
8991,Ceratocystiopsis lunata CMW 55897,,11,,0.9986,2023-05-01T00:00:00.000Z,NG_075394
8992,Raffaelea sulcati CBS 806.70,,11,,0.9889,2023-05-01T00:00:00.000Z,NG_064084
8993,Raffaelea lauricola CBS 121567,,11,,0.94,2023-05-01T00:00:00.000Z,NG_058027
8994,Raffaelea sulcati CBS 806.70,,11,,0.9876999999999999,2023-05-01T00:00:00.000Z,NG_064084
8995,Raffaelea sulcati CBS 806.70,,11,,0.9876999999999999,2023-05-01T00:00:00.000Z,NG_064084
8996,Sporothrix splendens CBS 557.92,,11,,0.9499,2023-05-01T00:00:00.000Z,NG_064164
8997,Raffaelea sulcati CBS 806.70,,11,,0.9878,2023-05-01T00:00:00.000Z,NG_064084
8998,Raffaelea arxii CBS 273.70,,11,,0.9539,2023-05-01T00:00:00.000Z,NG_074465
8999,Raffaelea sulcati CBS 806.70,,11,,0.9876999999999999,2023-05-01T00:00:00.000Z,NG_064084
9000,Raffaelea sulcati CBS 806.70,,11,,0.9884000000000001,2023-05-01T00:00:00.000Z,NG_064084
9001,Raffaelea quercus-mongolicae KACC 44405 ,,11,,0.9538,2023-05-01T00:00:00.000Z,NG_074466
9002,Raffaelea quercus-mongolicae KACC 44405 ,,11,,0.9531999999999999,2023-05-01T00:00:00.000Z,NG_074466
9003,Ceratocystiopsis lunata CMW 55897,,11,,1,2023-05-01T00:00:00.000Z,NG_075394
9004,Raffaelea lauricola CBS 121567,,11,,0.9453,2023-05-01T00:00:00.000Z,NG_058027
9005,Raffaelea lauricola CBS 121567,,11,,0.9412,2023-05-01T00:00:00.000Z,NG_058027
9006,Candida oregonensis CBS 5036,,11,,0.8687999999999999,2023-05-01T00:00:00.000Z,KY106624
9007,Starmera dryadoides NRRL Y-10990,,11,,0.9347,2023-05-01T00:00:00.000Z,EF550290
9008,Starmera dryadoides NRRL Y-10990,,11,,0.9347,2023-05-01T00:00:00.000Z,EF550290
9009,Ambrosiozyma monospora NRRL Y-1484,,11,,0.9976999999999999,2023-05-01T00:00:00.000Z,NG_055195
9010,Ambrosiozyma monospora NRRL Y-1484,,11,,1,2023-05-01T00:00:00.000Z,NG_055195
9011,Ambrosiozyma monospora NRRL Y-1484,,11,,1,2023-05-01T00:00:00.000Z,NG_055195
9012,Ogataea zsoltii CBS 9262,,11,,0.97,2023-05-01T00:00:00.000Z,KY108723
9013,Ambrosiozyma monospora NRRL Y-1484,,11,,0.9976999999999999,2023-05-01T00:00:00.000Z,NG_055195
9014,Ambrosiozyma monospora NRRL Y-1484,,11,,1,2023-05-01T00:00:00.000Z,NG_055195
9015,Ambrosiozyma monospora NRRL Y-1484,,11,,1,2023-05-01T00:00:00.000Z,NG_055195
9016,Ambrosiozyma monospora NRRL Y-1484,,11,,1,2023-05-01T00:00:00.000Z,NG_055195
9017,Sporothrix splendens CBS 557.92,,11,,0.9499,2023-05-01T00:00:00.000Z,NG_064164
9018,Ambrosiozyma monospora NRRL Y-1484,,11,,0.9976999999999999,2023-05-01T00:00:00.000Z,NG_055195
9019,Sporothrix splendens CBS 557.92,,11,,0.9498000000000001,2023-05-01T00:00:00.000Z,NG_064164
9020,Ambrosiozyma monospora NRRL Y-1484,,11,,0.9976999999999999,2023-05-01T00:00:00.000Z,NG_055195
9021,Raffaelea arxii CBS 273.70,,11,,0.9582999999999999,2023-05-01T00:00:00.000Z,NG_074465
9022,Raffaelea arxii CBS 273.70,,11,,0.9582999999999999,2023-05-01T00:00:00.000Z,NG_074465
9023,Saccharomycopsis selenospora CBS 2562,,11,,0.9618000000000001,2023-05-01T00:00:00.000Z,NG_058393
9024,Raffaelea sulcati CBS 806.70,,11,,0.9889,2023-05-01T00:00:00.000Z,NG_064084
9025,Ambrosiozyma monospora NRRL Y-1484,,11,,1,2023-05-01T00:00:00.000Z,NG_055195
9026,Ambrosiozyma monospora NRRL Y-1484,,11,,1,2023-05-01T00:00:00.000Z,NG_055195
9027,Ambrosiozyma monospora NRRL Y-1484,,11,,1,2023-05-01T00:00:00.000Z,NG_055195
9028,Raffaelea santoroi CBS 399.67,,11,,0.9537,2023-05-01T00:00:00.000Z,NG_064067
9029,Raffaelea arxii CBS 273.70,,11,,0.9582999999999999,2023-05-01T00:00:00.000Z,NG_074465
9030,Raffaelea sulcati CBS 806.70,,11,,0.9889,2023-05-01T00:00:00.000Z,NG_064084
9031,Raffaelea sulcati CBS 806.70,,11,,0.9889,2023-05-01T00:00:00.000Z,NG_064084
9032,Raffaelea sulcati CBS 806.70,,11,,0.9889,2023-05-01T00:00:00.000Z,NG_064084
9033,Raffaelea sulcati CBS 806.70,,11,,0.9889,2023-05-01T00:00:00.000Z,NG_064084
9034,Raffaelea sulcati CBS 806.70,,11,,0.9889,2023-05-01T00:00:00.000Z,NG_064084
9035,Saccharomycopsis selenospora CBS 2562,,11,,0.9618000000000001,2023-05-01T00:00:00.000Z,NG_058393
9036,Raffaelea sulcati CBS 806.70,,11,,0.9878,2023-05-01T00:00:00.000Z,NG_064084
9037,Raffaelea sulcati CBS 806.70,,11,,0.9889,2023-05-01T00:00:00.000Z,NG_064084
9038,Raffaelea santoroi CBS 399.67,,11,,0.9537,2023-05-01T00:00:00.000Z,NG_064067
9039,Raffaelea sulcati CBS 806.70,,11,,0.9889,2023-05-01T00:00:00.000Z,NG_064084
9040,Ambrosiozyma monospora NRRL Y-1484,,11,,1,2023-05-01T00:00:00.000Z,NG_055195
9041,Raffaelea sulcati CBS 806.70,,11,,0.9889,2023-05-01T00:00:00.000Z,NG_064084
9042,Starmera dryadoides NRRL Y-10990,,11,,0.9347,2023-05-01T00:00:00.000Z,EF550290
9043,Sporothrix splendens CBS 557.92,,11,,0.9498000000000001,2023-05-01T00:00:00.000Z,NG_064164
9044,Sporothrix splendens CBS 557.92,,11,,0.9498000000000001,2023-05-01T00:00:00.000Z,NG_064164
9045,Raffaelea sulcati CBS 806.70,,11,,0.9889,2023-05-01T00:00:00.000Z,NG_064084
9046,Raffaelea sulcati CBS 806.70,,11,,0.9889,2023-05-01T00:00:00.000Z,NG_064084
9047,Ambrosiozyma monospora NRRL Y-1484,,11,,1,2023-05-01T00:00:00.000Z,NG_055195
9048,Ambrosiozyma monospora NRRL Y-1484,,11,,1,2023-05-01T00:00:00.000Z,NG_055195
9049,Sporothrix splendens CBS 557.92,,11,,0.9495,2023-05-01T00:00:00.000Z,NG_064164
9050,Sporothrix splendens CBS 557.92,,11,,0.9487000000000001,2023-05-01T00:00:00.000Z,NG_064164
9051,Raffaelea sulcati CBS 806.70,,11,,0.9889,2023-05-01T00:00:00.000Z,NG_064084
9052,Sporothrix splendens CBS 557.92,,11,,0.9498000000000001,2023-05-01T00:00:00.000Z,NG_064164
9053,Raffaelea arxii CBS 273.70,,11,,0.9582999999999999,2023-05-01T00:00:00.000Z,NG_074465
9054,Starmera dryadoides NRRL Y-10990,,11,,0.9378,2023-05-01T00:00:00.000Z,EF550290
9055,Starmera dryadoides NRRL Y-10990,,11,,0.9378,2023-05-01T00:00:00.000Z,EF550290
9056,Starmera dryadoides NRRL Y-10990,,11,,0.9378,2023-05-01T00:00:00.000Z,EF550290
9057,Ambrosiozyma monospora NRRL Y-1484,,11,,0.9989,2023-05-01T00:00:00.000Z,NG_055195
9058,Ambrosiozyma monospora NRRL Y-1484,,11,,0.9989,2023-05-01T00:00:00.000Z,NG_055195
9059,Ambrosiozyma monospora NRRL Y-1484,,11,,0.9976999999999999,2023-05-01T00:00:00.000Z,NG_055195
9060,Starmera dryadoides NRRL Y-10990,,11,,0.9944,2023-05-01T00:00:00.000Z,EF550290
9061,Ambrosiozyma monospora NRRL Y-1484,,11,,1,2023-05-01T00:00:00.000Z,NG_055195
9062,Starmera dryadoides NRRL Y-10990,,11,,0.9378,2023-05-01T00:00:00.000Z,EF550290
9063,Raffaelea sulcati CBS 806.70,,11,,0.9889,2023-05-01T00:00:00.000Z,NG_064084
9064,Raffaelea sulcati CBS 806.70,,11,,0.9889,2023-05-01T00:00:00.000Z,NG_064084
9065,Raffaelea sulcati CBS 806.70,,11,,0.9889,2023-05-01T00:00:00.000Z,NG_064084
9066,Starmera dryadoides NRRL Y-10990,,11,,0.9378,2023-05-01T00:00:00.000Z,EF550290
9067,Raffaelea sulcati CBS 806.70,,11,,0.9889,2023-05-01T00:00:00.000Z,NG_064084
9068,Starmera dryadoides NRRL Y-10990,,11,,0.9355,2023-05-01T00:00:00.000Z,EF550290
9069,Starmera dryadoides NRRL Y-10990,,11,,0.9378,2023-05-01T00:00:00.000Z,EF550290
9070,Starmera dryadoides NRRL Y-10990,,11,,0.9378,2023-05-01T00:00:00.000Z,EF550290
9071,Candida berthetii CBS 5452,,11,,0.9979,2023-05-01T00:00:00.000Z,NG_060802
9072,Sporothrix splendens CBS 557.92,,11,,0.9487000000000001,2023-05-01T00:00:00.000Z,NG_064164
9073,Starmera dryadoides NRRL Y-10990,,11,,0.9377,2023-05-01T00:00:00.000Z,EF550290
9074,Raffaelea sulcati CBS 806.70,,11,,0.9889,2023-05-01T00:00:00.000Z,NG_064084
9075,Raffaelea santoroi CBS 399.67,,11,,0.9537,2023-05-01T00:00:00.000Z,NG_064067
9076,Starmera dryadoides NRRL Y-10990,,11,,0.9366,2023-05-01T00:00:00.000Z,EF550290
9077,Starmera dryadoides NRRL Y-10990,,11,,0.9377,2023-05-01T00:00:00.000Z,EF550290
9078,Starmera dryadoides NRRL Y-10990,,11,,0.9412999999999999,2023-05-01T00:00:00.000Z,EF550290
9079,Starmera dryadoides NRRL Y-10990,,11,,0.9377,2023-05-01T00:00:00.000Z,EF550290
9080,Starmera dryadoides NRRL Y-10990,,11,,0.9347,2023-05-01T00:00:00.000Z,EF550290
9081,Starmera dryadoides NRRL Y-10990,,11,,0.9347,2023-05-01T00:00:00.000Z,EF550290
9082,Raffaelea santoroi CBS 399.67,,11,,0.9537,2023-05-01T00:00:00.000Z,NG_064067
9083,Ambrosiozyma monospora NRRL Y-1484,,11,,1,2023-05-01T00:00:00.000Z,NG_055195
9084,Ambrosiozyma monospora NRRL Y-1484,,11,,1,2023-05-01T00:00:00.000Z,NG_055195
9085,Ambrosiozyma monospora NRRL Y-1484,,11,,0.9976999999999999,2023-05-01T00:00:00.000Z,NG_055195
9086,Ambrosiozyma monospora NRRL Y-1484,,11,,1,2023-05-01T00:00:00.000Z,NG_055195
9087,Ogataea zsoltii CBS 9263,,11,,0.9711,2023-05-01T00:00:00.000Z,KY108723
9088,Saccharomycopsis selenospora CBS 2562,,11,,0.9606,2023-05-01T00:00:00.000Z,NG_058393
9089,Saccharomycopsis selenospora CBS 2562,,11,,0.9618000000000001,2023-05-01T00:00:00.000Z,NG_058393
9090,Ambrosiozyma monospora NRRL Y-1484,,11,,1,2023-05-01T00:00:00.000Z,NG_055195
9091,Starmera dryadoides NRRL Y-10990,,11,,0.9347,2023-05-01T00:00:00.000Z,EF550290
9092,Raffaelea sulcati CBS 806.70,,11,,0.9889,2023-05-01T00:00:00.000Z,NG_064084
9095,Ogataea zsoltii CBS 9265,,11,,0.9711,2023-05-01T00:00:00.000Z,KY108723
9096,Raffaelea sulcati CBS 806.70,,11,,0.9889,2023-05-01T00:00:00.000Z,NG_064084
9097,Raffaelea lauricola CBS 121567,,11,,0.9159999999999999,2023-05-01T00:00:00.000Z,NG_058027
9098,Raffaelea lauricola CBS 121567,,11,,0.9394,2023-05-01T00:00:00.000Z,NG_058027
9099,Raffaelea lauricola CBS 121567,,11,,0.9414,2023-05-01T00:00:00.000Z,NG_058027
9100,Starmera dryadoides NRRL Y-10990,,11,,0.9347,2023-05-01T00:00:00.000Z,EF550290
9101,Starmera dryadoides NRRL Y-10990,,11,,0.9347,2023-05-01T00:00:00.000Z,EF550290
9102,Starmera dryadoides NRRL Y-10990,,11,,0.9378,2023-05-01T00:00:00.000Z,EF550290
9103,Starmera dryadoides NRRL Y-10990,,11,,0.9378,2023-05-01T00:00:00.000Z,EF550290
9104,Raffaelea santoroi CBS 399.67,,11,,0.9537,2023-05-01T00:00:00.000Z,NG_064067
9105,Ambrosiozyma monospora NRRL Y-1484,,11,,1,2023-05-01T00:00:00.000Z,NG_055195
9106,Ambrosiozyma monospora NRRL Y-1484,,11,,0.9976999999999999,2023-05-01T00:00:00.000Z,NG_055195
9107,Dipodascopsis uninucleata var. uninucleata CBS 190.37,,11,,0.9658,2023-05-01T00:00:00.000Z,NG_055347
9108,Ogataea zsoltii CBS 9264,,11,,0.971,2023-05-01T00:00:00.000Z,KY108723
9109,Raffaelea lauricola CBS 121567,,11,,0.9425,2023-05-01T00:00:00.000Z,NG_058027
9110,Raffaelea lauricola CBS 121567,,11,,0.9425,2023-05-01T00:00:00.000Z,NG_058027
9111,Raffaelea lauricola CBS 121567,,11,,0.9423999999999999,2023-05-01T00:00:00.000Z,NG_058027
9112,Raffaelea lauricola CBS 121567,,11,,0.9423999999999999,2023-05-01T00:00:00.000Z,NG_058027
9113,Raffaelea lauricola CBS 121567,,11,,0.9425,2023-05-01T00:00:00.000Z,NG_058027
9114,Ambrosiozyma monospora NRRL Y-1484,,11,,1,2023-05-01T00:00:00.000Z,NG_055195
9115,Saccharomycopsis selenospora CBS 2562,,11,,0.9618000000000001,2023-05-01T00:00:00.000Z,NG_058393
9116,Ogataea zsoltii CBS 9265,,11,,0.9689,2023-05-01T00:00:00.000Z,KY108723
9117,Raffaelea tritirachium CBS 726.69,,11,,0.9897,2023-05-01T00:00:00.000Z,MH871169
9118,Starmera dryadoides NRRL Y-10990,,11,,0.9932,2023-05-01T00:00:00.000Z,EF550290
9119,Raffaelea lauricola CBS 121567,,11,,0.9427,2023-05-01T00:00:00.000Z,NG_058027
9120,Raffaelea lauricola CBS 121567,,11,,0.9431999999999999,2023-05-01T00:00:00.000Z,NG_058027
9121,Ogataea philodendri NRRL Y-7210,,11,,0.9976999999999999,2023-05-01T00:00:00.000Z,EU011617
9122,Raffaelea lauricola CBS 121567,,11,,0.9420000000000001,2023-05-01T00:00:00.000Z,NG_058027
9123,Raffaelea lauricola CBS 121567,,11,,0.9431999999999999,2023-05-01T00:00:00.000Z,NG_058027
9094,Saccharomycopsis sp.,Post Phylogenetic Analysis,11,,0,2024-08-29T22:29:41.318Z,
9095,Ogataea sp. 2,Post Phylogenetic Analysis,11,,0,2024-08-29T22:29:41.318Z,
9096,Raffaelea xyleborini,Post Phylogenetic Analysis,11,,0,2024-08-29T22:29:41.318Z,
9097,Harringtonia sp.,Post Phylogenetic Analysis,11,,0,2024-08-29T22:29:41.318Z,
9098,Harringtonia arthroconidialis,Post Phylogenetic Analysis,11,,0,2024-08-29T22:29:41.318Z,
9099,Harringtonia arthroconidialis,Post Phylogenetic Analysis,11,,0,2024-08-29T22:29:41.318Z,
9100,Starmera sp.,Post Phylogenetic Analysis,11,,0,2024-08-29T22:29:41.318Z,
9101,Starmera sp.,Post Phylogenetic Analysis,11,,0,2024-08-29T22:29:41.318Z,
9102,Starmera sp.,Post Phylogenetic Analysis,11,,0,2024-08-29T22:29:41.318Z,
9103,Starmera sp.,Post Phylogenetic Analysis,11,,0,2024-08-29T22:29:41.318Z,
9104,Raffaelea sp. 2,Post Phylogenetic Analysis,11,,0,2024-08-29T22:29:41.318Z,
9105,Ambrosiozyma sp.,Post Phylogenetic Analysis,11,,0,2024-08-29T22:29:41.318Z,
9106,Ambrosiozyma sp.,Post Phylogenetic Analysis,11,,0,2024-08-29T22:29:41.318Z,
9107,Dipodascopsis sp.,Post Phylogenetic Analysis,11,,0,2024-08-29T22:29:41.318Z,
9108,Ogataea sp. 2,Post Phylogenetic Analysis,11,,0,2024-08-29T22:29:41.318Z,
9109,Harringtonia arthroconidialis,Post Phylogenetic Analysis,11,,0,2024-08-29T22:29:41.318Z,
9110,Harringtonia arthroconidialis,Post Phylogenetic Analysis,11,,0,2024-08-29T22:29:41.318Z,
9111,Harringtonia arthroconidialis,Post Phylogenetic Analysis,11,,0,2024-08-29T22:29:41.318Z,
9112,Harringtonia arthroconidialis,Post Phylogenetic Analysis,11,,0,2024-08-29T22:29:41.318Z,
9113,Harringtonia arthroconidialis,Post Phylogenetic Analysis,11,,0,2024-08-29T22:29:41.318Z,
9114,Ambrosiozyma sp.,Post Phylogenetic Analysis,11,,0,2024-08-29T22:29:41.318Z,
9115,Saccharomycopsis sp.,Post Phylogenetic Analysis,11,,0,2024-08-29T22:29:41.318Z,
9116,Ogataea sp. 2,Post Phylogenetic Analysis,11,,0,2024-08-29T22:29:41.318Z,
9117,Raffaelea xyleborini,Post Phylogenetic Analysis,11,,0,2024-08-29T22:29:41.318Z,
9118,Starmera dryadoides,Post Phylogenetic Analysis,11,,0,2024-08-29T22:29:41.318Z,
9119,Harringtonia arthroconidialis,Post Phylogenetic Analysis,11,,0,2024-08-29T22:29:41.318Z,
9120,Harringtonia arthroconidialis,Post Phylogenetic Analysis,11,,0,2024-08-29T22:29:41.318Z,
9121,Ogataea sp. 1,Post Phylogenetic Analysis,11,,0,2024-08-29T22:29:41.318Z,
9122,Harringtonia arthroconidialis,Post Phylogenetic Analysis,11,,0,2024-08-29T22:29:41.318Z,
9123,Harringtonia arthroconidialis,Post Phylogenetic Analysis,11,,0,2024-08-29T22:29:41.318Z,
8948,Esteya floridana,Post Phylogenetic Analysis,11,,0,2024-08-29T22:29:41.318Z,
8949,Esteya floridana,Post Phylogenetic Analysis,11,,0,2024-08-29T22:29:41.318Z,
8950,Ceratocystiopsis lunata,Post Phylogenetic Analysis,11,,0,2024-08-29T22:29:41.318Z,
8951,Raffaelea xyleborini,Post Phylogenetic Analysis,11,,0,2024-08-29T22:29:41.318Z,
8952,Ambrosiozyma sp.,Post Phylogenetic Analysis,11,,0,2024-08-29T22:29:41.318Z,
8953,Raffaelea xyleborini,Post Phylogenetic Analysis,11,,0,2024-08-29T22:29:41.318Z,
8954,Raffaelea xyleborini,Post Phylogenetic Analysis,11,,0,2024-08-29T22:29:41.318Z,
8955,Raffaelea xyleborini,Post Phylogenetic Analysis,11,,0,2024-08-29T22:29:41.318Z,
8956,Raffaelea xyleborini,Post Phylogenetic Analysis,11,,0,2024-08-29T22:29:41.318Z,
8957,Ambrosiozyma sp.,Post Phylogenetic Analysis,11,,0,2024-08-29T22:29:41.318Z,
8958,Ambrosiozyma sp.,Post Phylogenetic Analysis,11,,0,2024-08-29T22:29:41.318Z,
8959,Sporothrix sp.,Post Phylogenetic Analysis,11,,0,2024-08-29T22:29:41.318Z,
8960,Raffaelea xyleborini,Post Phylogenetic Analysis,11,,0,2024-08-29T22:29:41.318Z,
8961,Ambrosiozyma sp.,Post Phylogenetic Analysis,11,,0,2024-08-29T22:29:41.318Z,
8962,Raffaelea xyleborini,Post Phylogenetic Analysis,11,,0,2024-08-29T22:29:41.318Z,
8963,Ambrosiozyma sp.,Post Phylogenetic Analysis,11,,0,2024-08-29T22:29:41.318Z,
8964,Raffaelea xyleborini,Post Phylogenetic Analysis,11,,0,2024-08-29T22:29:41.318Z,
8965,Raffaelea sp. 3,Post Phylogenetic Analysis,11,,0,2024-08-29T22:29:41.318Z,
8966,Raffaelea xyleborini,Post Phylogenetic Analysis,11,,0,2024-08-29T22:29:41.318Z,
8967,Raffaelea xyleborini,Post Phylogenetic Analysis,11,,0,2024-08-29T22:29:41.318Z,
8968,Ambrosiozyma sp.,Post Phylogenetic Analysis,11,,0,2024-08-29T22:29:41.318Z,
8969,Raffaelea xyleborini,Post Phylogenetic Analysis,11,,0,2024-08-29T22:29:41.318Z,
8970,Raffaelea xyleborini,Post Phylogenetic Analysis,11,,0,2024-08-29T22:29:41.318Z,
8971,Raffaelea xyleborini,Post Phylogenetic Analysis,11,,0,2024-08-29T22:29:41.318Z,
8972,Raffaelea xyleborini,Post Phylogenetic Analysis,11,,0,2024-08-29T22:29:41.318Z,
8973,Ceratocystiopsis lunata,Post Phylogenetic Analysis,11,,0,2024-08-29T22:29:41.318Z,
8974,Raffaelea sp. 3,Post Phylogenetic Analysis,11,,0,2024-08-29T22:29:41.318Z,
8975,Ceratocystiopsis lunata,Post Phylogenetic Analysis,11,,0,2024-08-29T22:29:41.318Z,
8976,Ceratocystiopsis lunata,Post Phylogenetic Analysis,11,,0,2024-08-29T22:29:41.318Z,
8977,Raffaelea sp. 3,Post Phylogenetic Analysis,11,,0,2024-08-29T22:29:41.318Z,
8978,Raffaelea xyleborini,Post Phylogenetic Analysis,11,,0,2024-08-29T22:29:41.318Z,
8979,Raffaelea xyleborini,Post Phylogenetic Analysis,11,,0,2024-08-29T22:29:41.318Z,
8980,Raffaelea sp. 3,Post Phylogenetic Analysis,11,,0,2024-08-29T22:29:41.318Z,
8981,Raffaelea xyleborini,Post Phylogenetic Analysis,11,,0,2024-08-29T22:29:41.318Z,
8982,Raffaelea xyleborini,Post Phylogenetic Analysis,11,,0,2024-08-29T22:29:41.318Z,
8983,Raffaelea xyleborini,Post Phylogenetic Analysis,11,,0,2024-08-29T22:29:41.318Z,
8984,Saccharomycopsis sp.,Post Phylogenetic Analysis,11,,0,2024-08-29T22:29:41.318Z,
8985,Raffaelea xyleborini,Post Phylogenetic Analysis,11,,0,2024-08-29T22:29:41.318Z,
8986,Ambrosiozyma sp.,Post Phylogenetic Analysis,11,,0,2024-08-29T22:29:41.318Z,
8987,Raffaelea sp. 3,Post Phylogenetic Analysis,11,,0,2024-08-29T22:29:41.318Z,
8988,Harringtonia chlamydospora,Post Phylogenetic Analysis,11,,0,2024-08-29T22:29:41.318Z,
8989,Raffaelea xyleborini,Post Phylogenetic Analysis,11,,0,2024-08-29T22:29:41.318Z,
8990,Ceratocystiopsis lunata,Post Phylogenetic Analysis,11,,0,2024-08-29T22:29:41.318Z,
8991,Ceratocystiopsis lunata,Post Phylogenetic Analysis,11,,0,2024-08-29T22:29:41.318Z,
8992,Raffaelea xyleborini,Post Phylogenetic Analysis,11,,0,2024-08-29T22:29:41.318Z,
8993,Harringtonia arthroconidialis,Post Phylogenetic Analysis,11,,0,2024-08-29T22:29:41.318Z,
8994,Raffaelea xyleborini,Post Phylogenetic Analysis,11,,0,2024-08-29T22:29:41.318Z,
8995,Raffaelea xyleborini,Post Phylogenetic Analysis,11,,0,2024-08-29T22:29:41.318Z,
8996,Ceratocystiopsis lunata,Post Phylogenetic Analysis,11,,0,2024-08-29T22:29:41.318Z,
8997,Raffaelea xyleborini,Post Phylogenetic Analysis,11,,0,2024-08-29T22:29:41.318Z,
8998,Raffaelea sp. 1,Post Phylogenetic Analysis,11,,0,2024-08-29T22:29:41.318Z,
8999,Raffaelea xyleborini,Post Phylogenetic Analysis,11,,0,2024-08-29T22:29:41.318Z,
9000,Raffaelea xyleborini,Post Phylogenetic Analysis,11,,0,2024-08-29T22:29:41.318Z,
9001,Dryadomyces sp.,Post Phylogenetic Analysis,11,,0,2024-08-29T22:29:41.318Z,
9002,Dryadomyces sp.,Post Phylogenetic Analysis,11,,0,2024-08-29T22:29:41.318Z,
9003,Ceratocystiopsis lunata,Post Phylogenetic Analysis,11,,0,2024-08-29T22:29:41.318Z,
9004,Harringtonia arthroconidialis,Post Phylogenetic Analysis,11,,0,2024-08-29T22:29:41.318Z,
9005,Harringtonia arthroconidialis,Post Phylogenetic Analysis,11,,0,2024-08-29T22:29:41.318Z,
9006,Candida sp.,Post Phylogenetic Analysis,11,,0,2024-08-29T22:29:41.318Z,
9007,Starmera sp.,Post Phylogenetic Analysis,11,,0,2024-08-29T22:29:41.318Z,
9008,Starmera sp.,Post Phylogenetic Analysis,11,,0,2024-08-29T22:29:41.318Z,
9009,Ambrosiozyma sp.,Post Phylogenetic Analysis,11,,0,2024-08-29T22:29:41.318Z,
9010,Ambrosiozyma sp.,Post Phylogenetic Analysis,11,,0,2024-08-29T22:29:41.318Z,
9011,Ambrosiozyma sp.,Post Phylogenetic Analysis,11,,0,2024-08-29T22:29:41.318Z,
9012,Ogataea sp. 2,Post Phylogenetic Analysis,11,,0,2024-08-29T22:29:41.318Z,
9013,Ambrosiozyma sp.,Post Phylogenetic Analysis,11,,0,2024-08-29T22:29:41.318Z,
9014,Ambrosiozyma sp.,Post Phylogenetic Analysis,11,,0,2024-08-29T22:29:41.318Z,
9015,Ambrosiozyma sp.,Post Phylogenetic Analysis,11,,0,2024-08-29T22:29:41.318Z,
9016,Ambrosiozyma sp.,Post Phylogenetic Analysis,11,,0,2024-08-29T22:29:41.318Z,
9017,Ceratocystiopsis lunata,Post Phylogenetic Analysis,11,,0,2024-08-29T22:29:41.318Z,
9018,Ambrosiozyma sp.,Post Phylogenetic Analysis,11,,0,2024-08-29T22:29:41.318Z,
9019,Ceratocystiopsis lunata,Post Phylogenetic Analysis,11,,0,2024-08-29T22:29:41.318Z,
3461,"Euplatypus parallelus (Fabricius, 1801) ",,11,,0,2021-09-25T15:08:00.000Z,
3471,"Euplatypus parallelus (Fabricius, 1801) ",,11,,0,2022-06-15T15:08:00.000Z,
3481,"Euplatypus parallelus (Fabricius, 1801) ",,11,,0,2022-06-16T15:08:00.000Z,
3491,"Euplatypus parallelus (Fabricius, 1801) ",,11,,0,2022-06-14T15:08:00.000Z,
9021,Raffaelea sp. 1,Post Phylogenetic Analysis,11,,0,2024-08-29T22:29:41.318Z,
9022,Raffaelea sp. 1,Post Phylogenetic Analysis,11,,0,2024-08-29T22:29:41.318Z,
3462,"Euplatypus parallelus (Fabricius, 1801) ",,11,,0,2021-09-25T15:08:00.000Z,
3472,"Euplatypus parallelus (Fabricius, 1801) ",,11,,0,2022-06-16T15:08:00.000Z,
3482,"Euplatypus parallelus (Fabricius, 1801) ",,11,,0,2022-06-14T15:08:00.000Z,
9023,Saccharomycopsis sp.,Post Phylogenetic Analysis,11,,0,2024-08-29T22:29:41.318Z,
9024,Raffaelea xyleborini,Post Phylogenetic Analysis,11,,0,2024-08-29T22:29:41.318Z,
9025,Ambrosiozyma sp.,Post Phylogenetic Analysis,11,,0,2024-08-29T22:29:41.318Z,
9026,Ambrosiozyma sp.,Post Phylogenetic Analysis,11,,0,2024-08-29T22:29:41.318Z,
3463,"Euplatypus parallelus (Fabricius, 1801) ",,11,,0,2021-09-25T15:08:00.000Z,
3473,"Euplatypus parallelus (Fabricius, 1801) ",,11,,0,2022-06-16T15:08:00.000Z,
3483,"Euplatypus parallelus (Fabricius, 1801) ",,11,,0,2022-06-14T15:08:00.000Z,
9027,Ambrosiozyma sp.,Post Phylogenetic Analysis,11,,0,2024-08-29T22:29:41.318Z,
9028,Raffaelea sp. 2,Post Phylogenetic Analysis,11,,0,2024-08-29T22:29:41.318Z,
9029,Raffaelea sp. 1,Post Phylogenetic Analysis,11,,0,2024-08-29T22:29:41.318Z,
9030,Raffaelea xyleborini,Post Phylogenetic Analysis,11,,0,2024-08-29T22:29:41.318Z,
9031,Raffaelea xyleborini,Post Phylogenetic Analysis,11,,0,2024-08-29T22:29:41.318Z,
9032,Raffaelea xyleborini,Post Phylogenetic Analysis,11,,0,2024-08-29T22:29:41.318Z,
9033,Raffaelea xyleborini,Post Phylogenetic Analysis,11,,0,2024-08-29T22:29:41.318Z,
9034,Raffaelea xyleborini,Post Phylogenetic Analysis,11,,0,2024-08-29T22:29:41.318Z,
9035,Saccharomycopsis sp.,Post Phylogenetic Analysis,11,,0,2024-08-29T22:29:41.318Z,
9036,Raffaelea xyleborini,Post Phylogenetic Analysis,11,,0,2024-08-29T22:29:41.318Z,
9037,Raffaelea xyleborini,Post Phylogenetic Analysis,11,,0,2024-08-29T22:29:41.318Z,
9038,Raffaelea sp. 2,Post Phylogenetic Analysis,11,,0,2024-08-29T22:29:41.318Z,
9039,Raffaelea xyleborini,Post Phylogenetic Analysis,11,,0,2024-08-29T22:29:41.318Z,
9040,Ambrosiozyma sp.,Post Phylogenetic Analysis,11,,0,2024-08-29T22:29:41.318Z,
9041,Raffaelea xyleborini,Post Phylogenetic Analysis,11,,0,2024-08-29T22:29:41.318Z,
9042,Starmera sp.,Post Phylogenetic Analysis,11,,0,2024-08-29T22:29:41.318Z,
9043,Ceratocystiopsis lunata,Post Phylogenetic Analysis,11,,0,2024-08-29T22:29:41.318Z,
9044,Ceratocystiopsis lunata,Post Phylogenetic Analysis,11,,0,2024-08-29T22:29:41.318Z,
9045,Raffaelea xyleborini,Post Phylogenetic Analysis,11,,0,2024-08-29T22:29:41.318Z,
9046,Raffaelea xyleborini,Post Phylogenetic Analysis,11,,0,2024-08-29T22:29:41.318Z,
9047,Ambrosiozyma sp.,Post Phylogenetic Analysis,11,,0,2024-08-29T22:29:41.318Z,
9048,Ambrosiozyma sp.,Post Phylogenetic Analysis,11,,0,2024-08-29T22:29:41.318Z,
9049,Ceratocystiopsis lunata,Post Phylogenetic Analysis,11,,0,2024-08-29T22:29:41.318Z,
9050,Ceratocystiopsis lunata,Post Phylogenetic Analysis,11,,0,2024-08-29T22:29:41.318Z,
9051,Raffaelea xyleborini,Post Phylogenetic Analysis,11,,0,2024-08-29T22:29:41.318Z,
9052,Ceratocystiopsis lunata,Post Phylogenetic Analysis,11,,0,2024-08-29T22:29:41.318Z,
9053,Raffaelea sp. 1,Post Phylogenetic Analysis,11,,0,2024-08-29T22:29:41.318Z,
9054,Starmera sp.,Post Phylogenetic Analysis,11,,0,2024-08-29T22:29:41.318Z,
9055,Starmera sp.,Post Phylogenetic Analysis,11,,0,2024-08-29T22:29:41.318Z,
9056,Starmera sp.,Post Phylogenetic Analysis,11,,0,2024-08-29T22:29:41.318Z,
9057,Ambrosiozyma sp.,Post Phylogenetic Analysis,11,,0,2024-08-29T22:29:41.318Z,
9058,Ambrosiozyma sp.,Post Phylogenetic Analysis,11,,0,2024-08-29T22:29:41.318Z,
9059,Ambrosiozyma sp.,Post Phylogenetic Analysis,11,,0,2024-08-29T22:29:41.318Z,
9060,Starmera dryadoides,Post Phylogenetic Analysis,11,,0,2024-08-29T22:29:41.318Z,
9061,Ambrosiozyma sp.,Post Phylogenetic Analysis,11,,0,2024-08-29T22:29:41.318Z,
9062,Starmera sp.,Post Phylogenetic Analysis,11,,0,2024-08-29T22:29:41.318Z,
9063,Raffaelea xyleborini,Post Phylogenetic Analysis,11,,0,2024-08-29T22:29:41.318Z,
9064,Raffaelea xyleborini,Post Phylogenetic Analysis,11,,0,2024-08-29T22:29:41.318Z,
9065,Raffaelea xyleborini,Post Phylogenetic Analysis,11,,0,2024-08-29T22:29:41.318Z,
9066,Starmera sp.,Post Phylogenetic Analysis,11,,0,2024-08-29T22:29:41.318Z,
9067,Raffaelea xyleborini,Post Phylogenetic Analysis,11,,0,2024-08-29T22:29:41.318Z,
9068,Starmera sp.,Post Phylogenetic Analysis,11,,0,2024-08-29T22:29:41.318Z,
9069,Starmera sp.,Post Phylogenetic Analysis,11,,0,2024-08-29T22:29:41.318Z,
9070,Starmera sp.,Post Phylogenetic Analysis,11,,0,2024-08-29T22:29:41.318Z,
9071,Starmera sp.,Post Phylogenetic Analysis,11,,0,2024-08-29T22:29:41.318Z,
9072,Ceratocystiopsis lunata,Post Phylogenetic Analysis,11,,0,2024-08-29T22:29:41.318Z,
9073,Starmera sp.,Post Phylogenetic Analysis,11,,0,2024-08-29T22:29:41.318Z,
9074,Raffaelea xyleborini,Post Phylogenetic Analysis,11,,0,2024-08-29T22:29:41.318Z,
9075,Raffaelea sp. 2,Post Phylogenetic Analysis,11,,0,2024-08-29T22:29:41.318Z,
9076,Starmera sp.,Post Phylogenetic Analysis,11,,0,2024-08-29T22:29:41.318Z,
9077,Starmera sp.,Post Phylogenetic Analysis,11,,0,2024-08-29T22:29:41.318Z,
9078,Starmera sp.,Post Phylogenetic Analysis,11,,0,2024-08-29T22:29:41.318Z,
9079,Starmera sp.,Post Phylogenetic Analysis,11,,0,2024-08-29T22:29:41.318Z,
9080,Starmera sp.,Post Phylogenetic Analysis,11,,0,2024-08-29T22:29:41.318Z,
9081,Starmera sp.,Post Phylogenetic Analysis,11,,0,2024-08-29T22:29:41.318Z,
9082,Raffaelea sp. 2,Post Phylogenetic Analysis,11,,0,2024-08-29T22:29:41.318Z,
9083,Ambrosiozyma sp.,Post Phylogenetic Analysis,11,,0,2024-08-29T22:29:41.318Z,
9084,Ambrosiozyma sp.,Post Phylogenetic Analysis,11,,0,2024-08-29T22:29:41.318Z,
9085,Ambrosiozyma sp.,Post Phylogenetic Analysis,11,,0,2024-08-29T22:29:41.318Z,
9086,Ambrosiozyma sp.,Post Phylogenetic Analysis,11,,0,2024-08-29T22:29:41.318Z,
9087,Ogataea sp. 2,Post Phylogenetic Analysis,11,,0,2024-08-29T22:29:41.318Z,
9088,Saccharomycopsis sp.,Post Phylogenetic Analysis,11,,0,2024-08-29T22:29:41.318Z,
9089,Saccharomycopsis sp.,Post Phylogenetic Analysis,11,,0,2024-08-29T22:29:41.318Z,
9090,Ambrosiozyma sp.,Post Phylogenetic Analysis,11,,0,2024-08-29T22:29:41.318Z,
9091,Starmera sp.,Post Phylogenetic Analysis,11,,0,2024-08-29T22:29:41.318Z,
9092,Raffaelea xyleborini,Post Phylogenetic Analysis,11,,0,2024-08-29T22:29:41.318Z,
9093,Raffaelea xyleborini,Post Phylogenetic Analysis,11,,0,2024-08-29T22:29:41.318Z,
3464,"Euplatypus parallelus (Fabricius, 1801) ",,11,,0,2021-09-25T15:08:00.000Z,
3474,"Euplatypus parallelus (Fabricius, 1801) ",,11,,0,2022-06-16T15:08:00.000Z,
3484,"Euplatypus parallelus (Fabricius, 1801) ",,11,,0,2022-06-14T15:08:00.000Z,
3465,"Euplatypus parallelus (Fabricius, 1801) ",,11,,0,2021-09-25T15:08:00.000Z,
3475,"Euplatypus parallelus (Fabricius, 1801) ",,11,,0,2022-06-16T15:08:00.000Z,
3485,"Euplatypus parallelus (Fabricius, 1801) ",,11,,0,2022-06-14T15:08:00.000Z,
10222,,,11,,0,2025-03-06T19:30:42.347Z,
3456,"Euplatypus compositus (Say, 1823) ",,11,,0,2021-09-25T15:08:00.000Z,
3457,"Euplatypus compositus (Say, 1823) ",,11,,0,2021-09-25T15:08:00.000Z,
3458,"Euplatypus compositus (Say, 1823) ",,11,,0,2021-09-25T15:08:00.000Z,
3468,"Euplatypus parallelus (Fabricius, 1801) ",,11,,0,2021-09-25T15:08:00.000Z,
3460,"Euplatypus parallelus (Fabricius, 1801) ",,11,,0,2021-09-25T15:08:00.000Z,
3470,"Euplatypus compositus (Say, 1823) ",,11,,0,2022-03-02T15:08:00.000Z,
3480,"Euplatypus parallelus (Fabricius, 1801) ",,11,,0,2022-06-16T15:08:00.000Z,
3490,"Euplatypus parallelus (Fabricius, 1801) ",,11,,0,2022-06-14T15:08:00.000Z,
8769,Esteya sp. Hulcr 14639,,11,,0.009976,2023-05-01T00:00:00.000Z,
8770,Raffaelea sulcati CBS 806.70,,11,,0.009884,2023-05-01T00:00:00.000Z,
8772,Esteya sp. Hulcr 14639,,11,,0.009976,2023-05-01T00:00:00.000Z,LC363546
8773,Raffaelea sulcati CBS 806.70,,11,,0.009884,2023-05-01T00:00:00.000Z,NG_064084
8774,Esteya sp. Hulcr 14639,,11,,0.009976,2023-05-01T00:00:00.000Z,LC363546
8775,Ceratocystiopsis lunata CMW 55897,,11,,0.009986,2023-05-01T00:00:00.000Z,NG_075394
8776,Raffaelea quercus-mongolicae KACC 44405 ,,11,,0.009538,2023-05-01T00:00:00.000Z,NG_074466
8777,Raffaelea quercus-mongolicae KACC 44405 ,,11,,0.009532,2023-05-01T00:00:00.000Z,NG_074466
8778,Raffaelea sulcati CBS 806.70,,11,,0.009877,2023-05-01T00:00:00.000Z,NG_064084
8779,Ambrosiozyma monospora NRRL Y-1484,,11,,0.01,2023-05-01T00:00:00.000Z,NG_055195
8780,Raffaelea sulcati CBS 806.70,,11,,0.009885,2023-05-01T00:00:00.000Z,NG_064084
8781,Raffaelea sulcati CBS 806.70,,11,,0.009885,2023-05-01T00:00:00.000Z,NG_064084
8782,Raffaelea sulcati CBS 806.70,,11,,0.009877,2023-05-01T00:00:00.000Z,NG_064084
8783,Raffaelea sulcati CBS 806.70,,11,,0.009886,2023-05-01T00:00:00.000Z,NG_064084
8784,Ambrosiozyma monospora NRRL Y-1484,,11,,0.01,2023-05-01T00:00:00.000Z,NG_055195
8785,Ambrosiozyma monospora NRRL Y-1484,,11,,0.01,2023-05-01T00:00:00.000Z,NG_055195
8786,Sporothrix stylites CBS 118848,,11,,0.009888,2023-05-01T00:00:00.000Z,MH874594
8787,Raffaelea sulcati CBS 806.70,,11,,0.009886,2023-05-01T00:00:00.000Z,NG_064084
8788,Ambrosiozyma monospora NRRL Y-1484,,11,,0.01,2023-05-01T00:00:00.000Z,NG_055195
8789,Raffaelea sulcati CBS 806.70,,11,,0.009886,2023-05-01T00:00:00.000Z,NG_064084
8790,Ambrosiozyma monospora NRRL Y-1484,,11,,0.01,2023-05-01T00:00:00.000Z,NG_055195
8791,Raffaelea sulcati CBS 806.70,,11,,0.009889,2023-05-01T00:00:00.000Z,NG_064084
8792,Raffaelea sulcati CBS 806.70,,11,,0.00985,2023-05-01T00:00:00.000Z,NG_064084
8793,Raffaelea sulcati CBS 806.70,,11,,0.009889,2023-05-01T00:00:00.000Z,NG_064084
8794,Raffaelea sulcati CBS 806.70,,11,,0.009877,2023-05-01T00:00:00.000Z,NG_064084
8795,Ambrosiozyma monospora NRRL Y-1484,,11,,0.01,2023-05-01T00:00:00.000Z,NG_055195
8796,Raffaelea sulcati CBS 806.70,,11,,0.009878,2023-05-01T00:00:00.000Z,NG_064084
8797,Raffaelea sulcati CBS 806.70,,11,,0.009877,2023-05-01T00:00:00.000Z,NG_064084
8798,Raffaelea sulcati CBS 806.70,,11,,0.009886,2023-05-01T00:00:00.000Z,NG_064084
8799,Raffaelea sulcati CBS 806.70,,11,,0.009877,2023-05-01T00:00:00.000Z,NG_064084
8800,Ceratocystiopsis lunata CMW 55897,,11,,0.009986,2023-05-01T00:00:00.000Z,NG_075394
8801,Raffaelea sulcati CBS 806.70,,11,,0.009852,2023-05-01T00:00:00.000Z,NG_064084
8802,Ceratocystiopsis lunata CMW 55897,,11,,0.009986,2023-05-01T00:00:00.000Z,NG_075394
8803,Ceratocystiopsis lunata CMW 55897,,11,,0.009986,2023-05-01T00:00:00.000Z,NG_075394
8804,Raffaelea sulcati CBS 806.70,,11,,0.009885,2023-05-01T00:00:00.000Z,NG_064084
8805,Raffaelea sulcati CBS 806.70,,11,,0.009877,2023-05-01T00:00:00.000Z,NG_064084
8806,Raffaelea sulcati CBS 806.70,,11,,0.009889,2023-05-01T00:00:00.000Z,NG_064084
8807,Raffaelea sulcati CBS 806.70,,11,,0.009877,2023-05-01T00:00:00.000Z,NG_064084
8808,Raffaelea sulcati CBS 806.70,,11,,0.009884,2023-05-01T00:00:00.000Z,NG_064084
8809,Raffaelea sulcati CBS 806.70,,11,,0.009878,2023-05-01T00:00:00.000Z,NG_064084
8810,Raffaelea lauricola CBS 121567,,11,,0.009412,2023-05-01T00:00:00.000Z,NG_058027
8811,Raffaelea sulcati CBS 806.70,,11,,0.009882,2023-05-01T00:00:00.000Z,NG_064084
8812,Saccharomycopsis selenospora CBS 2562,,11,,0.009609,2023-05-01T00:00:00.000Z,NG_058393
8813,Raffaelea sulcati CBS 806.70,,11,,0.009884,2023-05-01T00:00:00.000Z,NG_064084
8814,Ambrosiozyma monospora NRRL Y-1484,,11,,0.01,2023-05-01T00:00:00.000Z,NG_055195
8815,Raffaelea sulcati CBS 806.70,,11,,0.009855,2023-05-01T00:00:00.000Z,NG_064084
8816,Ceratocystiopsis lunata CMW 55897,,11,,0.01,2023-05-01T00:00:00.000Z,NG_075394
8817,Raffaelea lauricola CBS 121567,,11,,0.009697,2023-05-01T00:00:00.000Z,NG_058027
8818,Raffaelea sulcati CBS 806.70,,11,,0.009889,2023-05-01T00:00:00.000Z,NG_064084
8819,Ceratocystiopsis lunata CMW 55897,,11,,0.009986,2023-05-01T00:00:00.000Z,NG_075394
8820,Ceratocystiopsis lunata CMW 55897,,11,,0.009986,2023-05-01T00:00:00.000Z,NG_075394
8821,Raffaelea lauricola CBS 121567,,11,,0.009453,2023-05-01T00:00:00.000Z,NG_058027
8822,Raffaelea sulcati CBS 806.70,,11,,0.009889,2023-05-01T00:00:00.000Z,NG_064084
8823,Raffaelea lauricola CBS 121567,,11,,0.0094,2023-05-01T00:00:00.000Z,NG_058027
8824,Raffaelea sulcati CBS 806.70,,11,,0.009877,2023-05-01T00:00:00.000Z,NG_064084
8825,Raffaelea sulcati CBS 806.70,,11,,0.009877,2023-05-01T00:00:00.000Z,NG_064084
8826,Sporothrix splendens CBS 557.92,,11,,0.009499,2023-05-01T00:00:00.000Z,NG_064164
8827,Raffaelea sulcati CBS 806.70,,11,,0.009878,2023-05-01T00:00:00.000Z,NG_064084
8828,Raffaelea arxii CBS 273.70,,11,,0.009539,2023-05-01T00:00:00.000Z,NG_074465
8829,Raffaelea sulcati CBS 806.70,,11,,0.009877,2023-05-01T00:00:00.000Z,NG_064084
8830,Candida oregonensis CBS 5036,,11,,0.008688,2023-05-01T00:00:00.000Z,KY106624
8831,Starmera dryadoides NRRL Y-10990,,11,,0.009347,2023-05-01T00:00:00.000Z,EF550290
8832,Starmera dryadoides NRRL Y-10990,,11,,0.009347,2023-05-01T00:00:00.000Z,EF550290
8833,Ambrosiozyma monospora NRRL Y-1484,,11,,0.009977,2023-05-01T00:00:00.000Z,NG_055195
8834,Ogataea zsoltii CBS 9265,,11,,0.009689,2023-05-01T00:00:00.000Z,KY108723
8835,Ambrosiozyma monospora NRRL Y-1484,,11,,0.01,2023-05-01T00:00:00.000Z,NG_055195
8836,Ambrosiozyma monospora NRRL Y-1484,,11,,0.01,2023-05-01T00:00:00.000Z,NG_055195
8837,Ogataea zsoltii CBS 9262,,11,,0.0097,2023-05-01T00:00:00.000Z,KY108723
8838,Ambrosiozyma monospora NRRL Y-1484,,11,,0.009977,2023-05-01T00:00:00.000Z,NG_055195
8839,Ambrosiozyma monospora NRRL Y-1484,,11,,0.01,2023-05-01T00:00:00.000Z,NG_055195
8840,Ambrosiozyma monospora NRRL Y-1484,,11,,0.01,2023-05-01T00:00:00.000Z,NG_055195
8841,Ambrosiozyma monospora NRRL Y-1484,,11,,0.01,2023-05-01T00:00:00.000Z,NG_055195
8842,Sporothrix splendens CBS 557.92,,11,,0.009499,2023-05-01T00:00:00.000Z,NG_064164
8843,Ambrosiozyma monospora NRRL Y-1484,,11,,0.009977,2023-05-01T00:00:00.000Z,NG_055195
8844,Sporothrix splendens CBS 557.92,,11,,0.009498,2023-05-01T00:00:00.000Z,NG_064164
8845,Ambrosiozyma monospora NRRL Y-1484,,11,,0.009977,2023-05-01T00:00:00.000Z,NG_055195
8846,Raffaelea arxii CBS 273.70,,11,,0.009583,2023-05-01T00:00:00.000Z,NG_074465
8847,Raffaelea arxii CBS 273.70,,11,,0.009583,2023-05-01T00:00:00.000Z,NG_074465
8848,Saccharomycopsis selenospora CBS 2562,,11,,0.009618,2023-05-01T00:00:00.000Z,NG_058393
8849,Raffaelea sulcati CBS 806.70,,11,,0.009889,2023-05-01T00:00:00.000Z,NG_064084
8850,Ambrosiozyma monospora NRRL Y-1484,,11,,0.01,2023-05-01T00:00:00.000Z,NG_055195
8851,Starmera dryadoides NRRL Y-10990,,11,,0.009932,2023-05-01T00:00:00.000Z,EF550290
8852,Ambrosiozyma monospora NRRL Y-1484,,11,,0.01,2023-05-01T00:00:00.000Z,NG_055195
8853,Ambrosiozyma monospora NRRL Y-1484,,11,,0.01,2023-05-01T00:00:00.000Z,NG_055195
8854,Raffaelea santoroi CBS 399.67,,11,,0.009537,2023-05-01T00:00:00.000Z,NG_064067
8855,Raffaelea arxii CBS 273.70,,11,,0.009583,2023-05-01T00:00:00.000Z,NG_074465
8856,Raffaelea sulcati CBS 806.70,,11,,0.009889,2023-05-01T00:00:00.000Z,NG_064084
8857,Raffaelea sulcati CBS 806.70,,11,,0.009889,2023-05-01T00:00:00.000Z,NG_064084
8858,Raffaelea sulcati CBS 806.70,,11,,0.009889,2023-05-01T00:00:00.000Z,NG_064084
8859,Raffaelea sulcati CBS 806.70,,11,,0.009889,2023-05-01T00:00:00.000Z,NG_064084
8860,Raffaelea sulcati CBS 806.70,,11,,0.009889,2023-05-01T00:00:00.000Z,NG_064084
8861,Saccharomycopsis selenospora CBS 2562,,11,,0.009618,2023-05-01T00:00:00.000Z,NG_058393
8862,Raffaelea sulcati CBS 806.70,,11,,0.009878,2023-05-01T00:00:00.000Z,NG_064084
8863,Raffaelea sulcati CBS 806.70,,11,,0.009889,2023-05-01T00:00:00.000Z,NG_064084
8864,Raffaelea santoroi CBS 399.67,,11,,0.009537,2023-05-01T00:00:00.000Z,NG_064067
8865,Raffaelea sulcati CBS 806.70,,11,,0.009889,2023-05-01T00:00:00.000Z,NG_064084
8866,Ambrosiozyma monospora NRRL Y-1484,,11,,0.01,2023-05-01T00:00:00.000Z,NG_055195
8867,Raffaelea sulcati CBS 806.70,,11,,0.009889,2023-05-01T00:00:00.000Z,NG_064084
8868,Starmera dryadoides NRRL Y-10990,,11,,0.009347,2023-05-01T00:00:00.000Z,EF550290
8869,Sporothrix splendens CBS 557.92,,11,,0.009498,2023-05-01T00:00:00.000Z,NG_064164
8870,Sporothrix splendens CBS 557.92,,11,,0.009498,2023-05-01T00:00:00.000Z,NG_064164
8871,Raffaelea sulcati CBS 806.70,,11,,0.009889,2023-05-01T00:00:00.000Z,NG_064084
8872,Raffaelea sulcati CBS 806.70,,11,,0.009889,2023-05-01T00:00:00.000Z,NG_064084
8873,Ambrosiozyma monospora NRRL Y-1484,,11,,0.01,2023-05-01T00:00:00.000Z,NG_055195
8874,Ogataea philodendri NRRL Y-7210,,11,,0.009977,2023-05-01T00:00:00.000Z,EU011617
8875,Ambrosiozyma monospora NRRL Y-1484,,11,,0.01,2023-05-01T00:00:00.000Z,NG_055195
8876,Sporothrix splendens CBS 557.92,,11,,0.009495,2023-05-01T00:00:00.000Z,NG_064164
8877,Sporothrix splendens CBS 557.92,,11,,0.009487,2023-05-01T00:00:00.000Z,NG_064164
8878,Raffaelea sulcati CBS 806.70,,11,,0.009889,2023-05-01T00:00:00.000Z,NG_064084
8879,Sporothrix splendens CBS 557.92,,11,,0.009498,2023-05-01T00:00:00.000Z,NG_064164
8880,Raffaelea arxii CBS 273.70,,11,,0.009583,2023-05-01T00:00:00.000Z,NG_074465
8881,Starmera dryadoides NRRL Y-10990,,11,,0.009378,2023-05-01T00:00:00.000Z,EF550290
8882,Starmera dryadoides NRRL Y-10990,,11,,0.009378,2023-05-01T00:00:00.000Z,EF550290
8883,Starmera dryadoides NRRL Y-10990,,11,,0.009378,2023-05-01T00:00:00.000Z,EF550290
8884,Ambrosiozyma monospora NRRL Y-1484,,11,,0.009989,2023-05-01T00:00:00.000Z,NG_055195
8885,Ambrosiozyma monospora NRRL Y-1484,,11,,0.009989,2023-05-01T00:00:00.000Z,NG_055195
8886,Ambrosiozyma monospora NRRL Y-1484,,11,,0.009977,2023-05-01T00:00:00.000Z,NG_055195
8887,Starmera dryadoides NRRL Y-10990,,11,,0.009944,2023-05-01T00:00:00.000Z,EF550290
8888,Ambrosiozyma monospora NRRL Y-1484,,11,,0.01,2023-05-01T00:00:00.000Z,NG_055195
8889,Starmera dryadoides NRRL Y-10990,,11,,0.009378,2023-05-01T00:00:00.000Z,EF550290
8890,Raffaelea sulcati CBS 806.70,,11,,0.009889,2023-05-01T00:00:00.000Z,NG_064084
8891,Raffaelea sulcati CBS 806.70,,11,,0.009889,2023-05-01T00:00:00.000Z,NG_064084
8892,Raffaelea sulcati CBS 806.70,,11,,0.009889,2023-05-01T00:00:00.000Z,NG_064084
8893,Starmera dryadoides NRRL Y-10990,,11,,0.009378,2023-05-01T00:00:00.000Z,EF550290
8894,Raffaelea sulcati CBS 806.70,,11,,0.009889,2023-05-01T00:00:00.000Z,NG_064084
8895,Starmera dryadoides NRRL Y-10990,,11,,0.009355,2023-05-01T00:00:00.000Z,EF550290
8896,Starmera dryadoides NRRL Y-10990,,11,,0.009378,2023-05-01T00:00:00.000Z,EF550290
8897,Starmera dryadoides NRRL Y-10990,,11,,0.009378,2023-05-01T00:00:00.000Z,EF550290
8898,Candida berthetii CBS 5452,,11,,0.009979,2023-05-01T00:00:00.000Z,NG_060802
8899,Sporothrix splendens CBS 557.92,,11,,0.009487,2023-05-01T00:00:00.000Z,NG_064164
8900,Starmera dryadoides NRRL Y-10990,,11,,0.009377,2023-05-01T00:00:00.000Z,EF550290
3466,"Euplatypus parallelus (Fabricius, 1801) ",,11,,0,2021-09-25T15:08:00.000Z,
8906,Starmera dryadoides NRRL Y-10990,,11,,0.009377,2023-05-01T00:00:00.000Z,EF550290
8907,Starmera dryadoides NRRL Y-10990,,11,,0.009347,2023-05-01T00:00:00.000Z,EF550290
8908,Starmera dryadoides NRRL Y-10990,,11,,0.009347,2023-05-01T00:00:00.000Z,EF550290
8909,Raffaelea santoroi CBS 399.67,,11,,0.009537,2023-05-01T00:00:00.000Z,NG_064067
8910,Ambrosiozyma monospora NRRL Y-1484,,11,,0.01,2023-05-01T00:00:00.000Z,NG_055195
8911,Ambrosiozyma monospora NRRL Y-1484,,11,,0.01,2023-05-01T00:00:00.000Z,NG_055195
8912,Ambrosiozyma monospora NRRL Y-1484,,11,,0.009977,2023-05-01T00:00:00.000Z,NG_055195
8913,Ambrosiozyma monospora NRRL Y-1484,,11,,0.01,2023-05-01T00:00:00.000Z,NG_055195
8914,Ogataea zsoltii CBS 9263,,11,,0.009711,2023-05-01T00:00:00.000Z,KY108723
8915,Saccharomycopsis selenospora CBS 2562,,11,,0.009606,2023-05-01T00:00:00.000Z,NG_058393
8916,Saccharomycopsis selenospora CBS 2562,,11,,0.009618,2023-05-01T00:00:00.000Z,NG_058393
8917,Ambrosiozyma monospora NRRL Y-1484,,11,,0.01,2023-05-01T00:00:00.000Z,NG_055195
8918,Starmera dryadoides NRRL Y-10990,,11,,0.009347,2023-05-01T00:00:00.000Z,EF550290
8919,Raffaelea sulcati CBS 806.70,,11,,0.009889,2023-05-01T00:00:00.000Z,NG_064084
8920,Raffaelea sulcati CBS 806.70,,11,,0.009889,2023-05-01T00:00:00.000Z,NG_064084
8921,Saccharomycopsis selenospora CBS 2562,,11,,0.009618,2023-05-01T00:00:00.000Z,NG_058393
8922,Dipodascopsis uninucleata var. uninucleata CBS 190.37,,11,,0.009658,2023-05-01T00:00:00.000Z,NG_055347
8923,Ogataea zsoltii CBS 9264,,11,,0.00971,2023-05-01T00:00:00.000Z,KY108723
8924,Ogataea zsoltii CBS 9265,,11,,0.009711,2023-05-01T00:00:00.000Z,KY108723
8925,Raffaelea sulcati CBS 806.70,,11,,0.009889,2023-05-01T00:00:00.000Z,NG_064084
8926,Raffaelea lauricola CBS 121567,,11,,0.00916,2023-05-01T00:00:00.000Z,NG_058027
8927,Raffaelea lauricola CBS 121567,,11,,0.009427,2023-05-01T00:00:00.000Z,NG_058027
8928,Raffaelea lauricola CBS 121567,,11,,0.009394,2023-05-01T00:00:00.000Z,NG_058027
8929,Raffaelea lauricola CBS 121567,,11,,0.009414,2023-05-01T00:00:00.000Z,NG_058027
8930,Raffaelea lauricola CBS 121567,,11,,0.009432,2023-05-01T00:00:00.000Z,NG_058027
8931,Raffaelea lauricola CBS 121567,,11,,0.009432,2023-05-01T00:00:00.000Z,NG_058027
8932,Raffaelea lauricola CBS 121567,,11,,0.00942,2023-05-01T00:00:00.000Z,NG_058027
8933,Starmera dryadoides NRRL Y-10990,,11,,0.009347,2023-05-01T00:00:00.000Z,EF550290
8934,Starmera dryadoides NRRL Y-10990,,11,,0.009347,2023-05-01T00:00:00.000Z,EF550290
8935,Starmera dryadoides NRRL Y-10990,,11,,0.009378,2023-05-01T00:00:00.000Z,EF550290
8936,Starmera dryadoides NRRL Y-10990,,11,,0.009378,2023-05-01T00:00:00.000Z,EF550290
8937,Raffaelea tritirachium CBS 726.69,,11,,0.009897,2023-05-01T00:00:00.000Z,MH871169
8938,Raffaelea santoroi CBS 399.67,,11,,0.009537,2023-05-01T00:00:00.000Z,NG_064067
8939,Ambrosiozyma monospora NRRL Y-1484,,11,,0.01,2023-05-01T00:00:00.000Z,NG_055195
8940,Ambrosiozyma monospora NRRL Y-1484,,11,,0.009977,2023-05-01T00:00:00.000Z,NG_055195
8941,Raffaelea lauricola CBS 121567,,11,,0.009425,2023-05-01T00:00:00.000Z,NG_058027
8942,Raffaelea lauricola CBS 121567,,11,,0.009425,2023-05-01T00:00:00.000Z,NG_058027
8943,Raffaelea lauricola CBS 121567,,11,,0.009424,2023-05-01T00:00:00.000Z,NG_058027
8944,Raffaelea lauricola CBS 121567,,11,,0.009424,2023-05-01T00:00:00.000Z,NG_058027
8945,Raffaelea lauricola CBS 121567,,11,,0.009425,2023-05-01T00:00:00.000Z,NG_058027
8946,Ambrosiozyma monospora NRRL Y-1484,,11,,0.01,2023-05-01T00:00:00.000Z,NG_055195
8947,Saccharomycopsis selenospora CBS 2562,,11,,0.009618,2023-05-01T00:00:00.000Z,NG_058393
8779,Ambrosiozyma sp.,,11,,0,2024-08-29T22:27:39.496Z,NG_055195
3467,"Euplatypus parallelus (Fabricius, 1801) ",,11,,0,2021-09-25T15:08:00.000Z,
3477,"Euplatypus parallelus (Fabricius, 1801) ",,11,,0,2022-06-16T15:08:00.000Z,
3487,"Euplatypus parallelus (Fabricius, 1801) ",,11,,0,2022-06-14T15:08:00.000Z,
3478,"Euplatypus parallelus (Fabricius, 1801) ",,11,,0,2022-06-14T15:08:00.000Z,
3488,"Euplatypus parallelus (Fabricius, 1801) ",,11,,0,2022-06-15T15:08:00.000Z,
3459,"Euplatypus compositus (Say, 1823) ",,11,,0,2021-09-25T15:08:00.000Z,
3469,"Euplatypus compositus (Say, 1823) ",,11,,0,2022-02-27T15:08:00.000Z,
3479,"Euplatypus parallelus (Fabricius, 1801) ",,11,,0,2022-06-16T15:08:00.000Z,
3489,"Euplatypus parallelus (Fabricius, 1801) ",,11,,0,2022-06-14T15:08:00.000Z,