gen_ob_id,batch_label_pcr,tube_number_pcr,success,forward_primer,reverse_primer,cycle
8478,Compiled Euplatypus,14661,,3,4,195
8507,Compiled Euplatypus,14691,,3,4,195
8512,Compiled Euplatypus,14696,,3,4,195
8540,Compiled Euplatypus,14884,,3,4,195
8541,Compiled Euplatypus,14885,,3,4,195
8542,Compiled Euplatypus,14886,,3,4,195
8543,Compiled Euplatypus,14887,,3,4,195
8550,Compiled Euplatypus,14894,,5,6,196
8551,Compiled Euplatypus,8693,TRUE,5,6,197
8552,Compiled Euplatypus,8694,TRUE,5,6,197
8553,Compiled Euplatypus,8695,TRUE,5,6,197
8554,Compiled Euplatypus,8702,TRUE,5,6,197
8555,Compiled Euplatypus,8705,TRUE,5,6,197
8556,Compiled Euplatypus,8746,TRUE,5,6,197
8557,Compiled Euplatypus,8751,TRUE,5,6,197
8544,Compiled Euplatypus,14888,TRUE,5,6,196
8545,Compiled Euplatypus,14889,TRUE,5,6,196
8546,Compiled Euplatypus,14890,TRUE,5,6,196
8547,Compiled Euplatypus,14891,TRUE,5,6,196
8548,Compiled Euplatypus,14892,TRUE,5,6,196
8549,Compiled Euplatypus,14893,TRUE,5,6,196
8436,Compiled Euplatypus,14625,TRUE,3,4,195
8439,Compiled Euplatypus,14628,,3,4,195
8440,Compiled Euplatypus,14629,TRUE,3,4,195
8442,Compiled Euplatypus,14631,TRUE,3,4,195
8444,Compiled Euplatypus,14633,TRUE,3,4,195
8445,Compiled Euplatypus,14634,TRUE,3,4,195
8447,Compiled Euplatypus,14636,TRUE,3,4,195
8448,Compiled Euplatypus,14637,TRUE,3,4,195
8449,Compiled Euplatypus,14638,TRUE,3,4,195
8516,Compiled Euplatypus,14700,,5,6,196
8434,Compiled Euplatypus,14623,TRUE,3,4,195
8435,Compiled Euplatypus,14624,,3,4,195
8437,Compiled Euplatypus,14626,TRUE,3,4,195
8438,Compiled Euplatypus,14627,,3,4,195
8441,Compiled Euplatypus,14630,TRUE,3,4,195
8513,Compiled Euplatypus,14697,,3,4,195
8508,Compiled Euplatypus,14692,TRUE,3,4,195
8511,Compiled Euplatypus,14695,TRUE,3,4,195
8510,Compiled Euplatypus,14694,TRUE,3,4,195
8505,Compiled Euplatypus,14689,TRUE,3,4,195
8509,Compiled Euplatypus,14693,TRUE,3,4,195
8515,Compiled Euplatypus,14699,TRUE,3,4,195
8506,Compiled Euplatypus,14690,TRUE,3,4,195
8499,Compiled Euplatypus,14683,TRUE,3,4,195
8514,Compiled Euplatypus,14698,TRUE,3,4,195
8501,Compiled Euplatypus,14685,TRUE,3,4,195
8502,Compiled Euplatypus,14686,TRUE,3,4,195
8503,Compiled Euplatypus,14687,TRUE,3,4,195
8504,Compiled Euplatypus,14688,TRUE,3,4,195
8479,Compiled Euplatypus,14662,TRUE,3,4,195
8480,Compiled Euplatypus,14663,TRUE,3,4,195
8481,Compiled Euplatypus,14664,TRUE,3,4,195
8482,Compiled Euplatypus,14665,TRUE,3,4,195
8483,Compiled Euplatypus,14666,TRUE,3,4,195
8484,Compiled Euplatypus,14667,TRUE,3,4,195
8485,Compiled Euplatypus,14668,TRUE,3,4,195
8486,Compiled Euplatypus,14669,TRUE,3,4,195
8487,Compiled Euplatypus,14670,TRUE,3,4,195
8488,Compiled Euplatypus,14671,TRUE,3,4,195
8489,Compiled Euplatypus,14672,TRUE,3,4,195
8490,Compiled Euplatypus,14673,TRUE,3,4,195
8491,Compiled Euplatypus,14674,TRUE,3,4,195
8492,Compiled Euplatypus,14675,TRUE,3,4,195
8493,Compiled Euplatypus,14676,TRUE,3,4,195
8494,Compiled Euplatypus,14677,TRUE,3,4,195
8495,Compiled Euplatypus,14678,TRUE,3,4,195
8496,Compiled Euplatypus,14679,TRUE,3,4,195
8497,Compiled Euplatypus,14680,TRUE,3,4,195
8498,Compiled Euplatypus,14681,TRUE,3,4,195
8456,Compiled Euplatypus,14639,TRUE,3,4,195
8457,Compiled Euplatypus,14640,TRUE,3,4,195
8458,Compiled Euplatypus,14641,TRUE,3,4,195
8459,Compiled Euplatypus,14642,TRUE,3,4,195
8460,Compiled Euplatypus,14643,TRUE,3,4,195
8461,Compiled Euplatypus,14644,TRUE,3,4,195
8462,Compiled Euplatypus,14645,TRUE,3,4,195
8463,Compiled Euplatypus,14646,TRUE,3,4,195
8464,Compiled Euplatypus,14647,TRUE,3,4,195
8465,Compiled Euplatypus,14648,TRUE,3,4,195
8466,Compiled Euplatypus,14649,TRUE,3,4,195
8467,Compiled Euplatypus,14650,TRUE,3,4,195
8468,Compiled Euplatypus,14651,TRUE,3,4,195
8469,Compiled Euplatypus,14652,TRUE,3,4,195
8470,Compiled Euplatypus,14653,TRUE,3,4,195
8471,Compiled Euplatypus,14654,TRUE,3,4,195
8472,Compiled Euplatypus,14655,TRUE,3,4,195
8473,Compiled Euplatypus,14656,TRUE,3,4,195
8474,Compiled Euplatypus,14657,TRUE,3,4,195
8475,Compiled Euplatypus,14658,TRUE,3,4,195
8476,Compiled Euplatypus,14659,TRUE,3,4,195
8477,Compiled Euplatypus,14660,TRUE,3,4,195
8500,Compiled Euplatypus,14684,TRUE,3,4,195
8443,Compiled Euplatypus,14632,TRUE,3,4,195
8446,Compiled Euplatypus,14635,TRUE,3,4,195
8517,Compiled Euplatypus,14701,,5,6,196
8518,Compiled Euplatypus,14702,,5,6,196
8519,Compiled Euplatypus,14703,,5,6,196
8520,Compiled Euplatypus,14704,,5,6,196
8521,Compiled Euplatypus,14705,,5,6,196
8522,Compiled Euplatypus,14706,,7,1,196
8523,Compiled Euplatypus,14707,,7,1,196
8524,Compiled Euplatypus,14708,,7,1,196
8525,Compiled Euplatypus,14709,,7,1,196
8526,Compiled Euplatypus,14710,,7,1,196
8535,Compiled Euplatypus,14719,,8,1,196
8536,Compiled Euplatypus,14720,,8,1,196
8537,Compiled Euplatypus,14721,,8,1,196
8538,Compiled Euplatypus,14722,,8,1,196
8539,Compiled Euplatypus,14723,,8,1,196
8572,Compiled Euplatypus,14918,,2,1,198
8576,Compiled Euplatypus,14922,,2,1,198
8581,Compiled Euplatypus,14931,,2,1,198
8582,Compiled Euplatypus,14932,,2,1,198
8583,Compiled Euplatypus,14933,,2,1,198
8584,Compiled Euplatypus,14934,,2,1,198
8585,Compiled Euplatypus,14935,,2,1,198
8587,Compiled Euplatypus,14941,,5,6,197
8588,Compiled Euplatypus,14942,,5,6,197
8593,Compiled Euplatypus,14947,,2,1,198
8594,Compiled Euplatypus,14948,,2,1,198
8597,Compiled Euplatypus,14951,,2,1,198
8601,Compiled Euplatypus,14955,,2,1,198
8602,Compiled Euplatypus,14956,,2,1,198
8603,Compiled Euplatypus,14957,,2,1,198
8604,Compiled Euplatypus,14958,,2,1,198
8606,Compiled Euplatypus,14960,,2,1,198
8610,Compiled Euplatypus,14964,,2,1,198
8613,Compiled Euplatypus,14967,,2,1,198
8614,Compiled Euplatypus,14968,,2,1,198
8616,Compiled Euplatypus,14970,,2,1,198
8617,Compiled Euplatypus,14971,,2,1,198
8618,Compiled Euplatypus,14972,,2,1,198
8619,Compiled Euplatypus,14973,,2,1,198
8622,Compiled Euplatypus,14977,,2,1,196
8625,Compiled Euplatypus,14980,,2,1,196
8626,Compiled Euplatypus,14981,,2,1,196
8621,Compiled Euplatypus,14976,TRUE,2,1,196
8623,Compiled Euplatypus,14978,TRUE,2,1,196
8624,Compiled Euplatypus,14979,TRUE,2,1,196
8589,Compiled Euplatypus,14943,TRUE,5,6,197
8590,Compiled Euplatypus,14944,TRUE,5,6,197
8591,Compiled Euplatypus,14945,TRUE,3,4,195
8592,Compiled Euplatypus,14946,TRUE,3,4,195
8595,Compiled Euplatypus,14949,TRUE,2,1,198
8596,Compiled Euplatypus,14950,TRUE,2,1,198
8598,Compiled Euplatypus,14952,TRUE,2,1,198
8599,Compiled Euplatypus,14953,TRUE,2,1,198
8600,Compiled Euplatypus,14954,TRUE,2,1,198
8605,Compiled Euplatypus,14959,TRUE,2,1,198
8607,Compiled Euplatypus,14961,TRUE,2,1,198
8608,Compiled Euplatypus,14962,TRUE,2,1,198
8609,Compiled Euplatypus,14963,TRUE,2,1,198
8611,Compiled Euplatypus,14965,TRUE,2,1,198
8612,Compiled Euplatypus,14966,TRUE,2,1,198
8615,Compiled Euplatypus,14969,TRUE,2,1,198
8620,Compiled Euplatypus,14974,TRUE,2,1,198
8586,Compiled Euplatypus,14936,TRUE,2,1,198
8573,Compiled Euplatypus,14919,TRUE,2,1,198
8574,Compiled Euplatypus,14920,TRUE,2,1,198
8575,Compiled Euplatypus,14921,TRUE,2,1,198
8560,Compiled Euplatypus,14905,TRUE,5,6,197
8561,Compiled Euplatypus,14906,TRUE,5,6,197
8562,Compiled Euplatypus,14907,TRUE,5,6,197
8563,Compiled Euplatypus,14908,TRUE,5,6,197
8564,Compiled Euplatypus,14909,TRUE,5,6,197
8565,Compiled Euplatypus,14910,TRUE,5,6,197
8566,Compiled Euplatypus,14911,TRUE,5,6,197
8567,Compiled Euplatypus,14912,TRUE,5,6,197
8568,Compiled Euplatypus,14913,TRUE,5,6,197
8569,Compiled Euplatypus,14914,TRUE,5,6,197
8570,Compiled Euplatypus,14915,TRUE,5,6,197
8577,Compiled Euplatypus,14927,TRUE,2,1,198
8578,Compiled Euplatypus,14928,TRUE,2,1,198
8579,Compiled Euplatypus,14929,TRUE,2,1,198
8580,Compiled Euplatypus,14930,TRUE,2,1,198
8529,Compiled Euplatypus,14713,TRUE,5,6,196
8530,Compiled Euplatypus,14714,TRUE,5,6,196
8531,Compiled Euplatypus,14715,TRUE,5,6,196
8532,Compiled Euplatypus,14716,TRUE,5,6,196
8533,Compiled Euplatypus,14717,TRUE,5,6,196
8702,Compiled Euplatypus,15078,,3,4,195
8703,Compiled Euplatypus,15079,,3,4,195
8704,Compiled Euplatypus,15080,,3,4,195
8705,Compiled Euplatypus,15081,,3,4,195
8692,Compiled Euplatypus,15068,TRUE,3,4,195
8693,Compiled Euplatypus,15069,TRUE,3,4,195
8694,Compiled Euplatypus,15070,TRUE,3,4,195
8695,Compiled Euplatypus,15071,TRUE,3,4,195
8696,Compiled Euplatypus,15072,TRUE,3,4,195
8697,Compiled Euplatypus,15073,TRUE,3,4,195
8698,Compiled Euplatypus,15074,TRUE,3,4,195
8699,Compiled Euplatypus,15075,TRUE,3,4,195
8700,Compiled Euplatypus,15076,TRUE,3,4,195
8707,Compiled Euplatypus,15083,TRUE,3,4,195
8708,Compiled Euplatypus,15084,TRUE,3,4,195
8709,Compiled Euplatypus,15085,TRUE,3,4,195
8710,Compiled Euplatypus,15086,TRUE,3,4,195
8711,Compiled Euplatypus,15087,TRUE,3,4,195
8712,Compiled Euplatypus,15088,TRUE,3,4,195
8713,Compiled Euplatypus,15089,TRUE,3,4,195
8714,Compiled Euplatypus,15090,TRUE,3,4,195
8715,Compiled Euplatypus,15091,TRUE,3,4,195
8716,Compiled Euplatypus,15092,TRUE,3,4,195
8717,Compiled Euplatypus,15093,TRUE,3,4,195
8718,Compiled Euplatypus,15094,TRUE,3,4,195
8719,Compiled Euplatypus,15095,TRUE,3,4,195
8720,Compiled Euplatypus,15096,TRUE,3,4,195
8721,Compiled Euplatypus,15097,TRUE,3,4,195
8722,Compiled Euplatypus,15098,TRUE,3,4,195
8723,Compiled Euplatypus,15099,TRUE,3,4,195
8724,Compiled Euplatypus,15100,TRUE,3,4,195
8726,Compiled Euplatypus,15102,TRUE,3,4,195
8727,Compiled Euplatypus,15103,TRUE,3,4,195
8728,Compiled Euplatypus,15104,TRUE,3,4,195
8729,Compiled Euplatypus,15105,TRUE,3,4,195
8730,Compiled Euplatypus,15106,TRUE,3,4,195
8731,Compiled Euplatypus,15107,TRUE,3,4,195
8732,Compiled Euplatypus,15108,TRUE,3,4,195
8733,Compiled Euplatypus,15109,TRUE,3,4,195
8734,Compiled Euplatypus,15110,TRUE,3,4,195
8735,Compiled Euplatypus,15111,TRUE,3,4,195
8666,Compiled Euplatypus,15041,TRUE,3,4,195
8667,Compiled Euplatypus,15042,TRUE,3,4,195
8668,Compiled Euplatypus,15043,TRUE,3,4,195
8669,Compiled Euplatypus,15044,TRUE,3,4,195
8670,Compiled Euplatypus,15045,TRUE,3,4,195
8671,Compiled Euplatypus,15046,TRUE,3,4,195
8672,Compiled Euplatypus,15047,TRUE,3,4,195
8673,Compiled Euplatypus,15048,TRUE,3,4,195
8675,Compiled Euplatypus,15050,TRUE,3,4,195
8676,Compiled Euplatypus,15051,TRUE,3,4,195
8677,Compiled Euplatypus,15052,TRUE,3,4,195
8678,Compiled Euplatypus,15053,TRUE,3,4,195
8679,Compiled Euplatypus,15054,TRUE,3,4,195
8680,Compiled Euplatypus,15055,TRUE,3,4,195
8681,Compiled Euplatypus,15056,TRUE,3,4,195
8682,Compiled Euplatypus,15057,TRUE,3,4,195
8683,Compiled Euplatypus,15058,TRUE,3,4,195
8684,Compiled Euplatypus,15059,TRUE,3,4,195
8701,Compiled Euplatypus,15077,,3,4,195
8685,Compiled Euplatypus,15060,TRUE,3,4,195
8686,Compiled Euplatypus,15061,TRUE,3,4,195
8687,Compiled Euplatypus,15062,TRUE,3,4,195
8688,Compiled Euplatypus,15063,TRUE,3,4,195
8689,Compiled Euplatypus,15064,TRUE,3,4,195
8690,Compiled Euplatypus,15065,TRUE,3,4,195
8643,Compiled Euplatypus,15018,TRUE,3,4,195
8644,Compiled Euplatypus,15019,TRUE,3,4,195
8646,Compiled Euplatypus,15021,TRUE,3,4,195
8647,Compiled Euplatypus,15022,TRUE,3,4,195
8648,Compiled Euplatypus,15023,TRUE,3,4,195
8649,Compiled Euplatypus,15024,TRUE,3,4,195
8650,Compiled Euplatypus,15025,TRUE,3,4,195
8651,Compiled Euplatypus,15026,TRUE,3,4,195
8652,Compiled Euplatypus,15027,TRUE,3,4,195
8653,Compiled Euplatypus,15028,TRUE,3,4,195
8654,Compiled Euplatypus,15029,TRUE,3,4,195
8655,Compiled Euplatypus,15030,TRUE,3,4,195
8656,Compiled Euplatypus,15031,TRUE,3,4,195
8527,Compiled Euplatypus,14711,,7,1,196
8534,Compiled Euplatypus,14718,,8,1,196
8657,Compiled Euplatypus,15032,TRUE,3,4,195
8658,Compiled Euplatypus,15033,TRUE,3,4,195
8659,Compiled Euplatypus,15034,TRUE,3,4,195
8660,Compiled Euplatypus,15035,TRUE,3,4,195
8661,Compiled Euplatypus,15036,TRUE,3,4,195
8662,Compiled Euplatypus,15037,TRUE,3,4,195
8663,Compiled Euplatypus,15038,TRUE,3,4,195
8665,Compiled Euplatypus,15040,TRUE,3,4,195
8629,Compiled Euplatypus,15004,TRUE,3,4,195
8630,Compiled Euplatypus,15005,TRUE,3,4,195
8631,Compiled Euplatypus,15006,TRUE,3,4,195
8632,Compiled Euplatypus,15007,TRUE,3,4,195
8633,Compiled Euplatypus,15008,TRUE,3,4,195
8634,Compiled Euplatypus,15009,TRUE,3,4,195
8635,Compiled Euplatypus,15010,TRUE,3,4,195
8636,Compiled Euplatypus,15011,TRUE,3,4,195
8637,Compiled Euplatypus,15012,TRUE,3,4,195
8638,Compiled Euplatypus,15013,TRUE,3,4,195
8639,Compiled Euplatypus,15014,TRUE,3,4,195
8640,Compiled Euplatypus,15015,TRUE,3,4,195
8641,Compiled Euplatypus,15016,TRUE,3,4,195
8642,Compiled Euplatypus,15017,TRUE,3,4,195
8751,Compiled Euplatypus,15140,TRUE,3,4,195
8752,Compiled Euplatypus,15141,TRUE,3,4,195
8753,Compiled Euplatypus,15142,TRUE,3,4,195
8754,Compiled Euplatypus,15143,TRUE,3,4,195
8755,Compiled Euplatypus,15144,TRUE,3,4,195
8756,Compiled Euplatypus,15145,TRUE,3,4,195
8757,Compiled Euplatypus,15146,TRUE,3,4,195
8758,Compiled Euplatypus,15147,TRUE,3,4,195
8759,Compiled Euplatypus,15148,TRUE,3,4,195
8760,Compiled Euplatypus,15149,TRUE,3,4,195
8742,Compiled Euplatypus,15123,TRUE,3,4,195
8743,Compiled Euplatypus,15124,TRUE,3,4,195
8744,Compiled Euplatypus,15125,TRUE,3,4,195
8745,Compiled Euplatypus,15126,TRUE,3,4,195
8746,Compiled Euplatypus,15127,TRUE,3,4,195
8747,Compiled Euplatypus,15128,TRUE,3,4,195
8748,Compiled Euplatypus,15129,TRUE,3,4,195
8749,Compiled Euplatypus,15130,TRUE,3,4,195
8750,Compiled Euplatypus,15131,TRUE,3,4,195
8691,Compiled Euplatypus,15067,TRUE,3,4,195
8706,Compiled Euplatypus,15082,TRUE,3,4,195
8725,Compiled Euplatypus,15101,TRUE,3,4,195
8736,Compiled Euplatypus,15112,TRUE,3,4,195
8737,Compiled Euplatypus,15113,TRUE,3,4,195
8738,Compiled Euplatypus,15114,TRUE,3,4,195
8739,Compiled Euplatypus,15115,TRUE,3,4,195
8740,Compiled Euplatypus,15116,TRUE,3,4,195
8741,Compiled Euplatypus,15117,TRUE,3,4,195
8674,Compiled Euplatypus,15049,TRUE,3,4,195
8645,Compiled Euplatypus,15020,TRUE,3,4,195
8664,Compiled Euplatypus,15039,TRUE,3,4,195
8628,Compiled Euplatypus,15003,TRUE,3,4,195
8627,Compiled Euplatypus,14982,TRUE,2,1,196
8571,Compiled Euplatypus,14916,TRUE,2,1,198
8558,Compiled Euplatypus,14903,TRUE,5,6,197
8559,Compiled Euplatypus,14904,TRUE,5,6,197
8528,Compiled Euplatypus,14712,TRUE,5,6,196