gen_ob_id,device,seq_output_folder
8948,176,/sample/file/path
8949,176,/sample/file/path
8950,176,/sample/file/path
8951,176,/sample/file/path
8952,176,/sample/file/path
8953,176,/sample/file/path
8954,176,/sample/file/path
8955,176,/sample/file/path
8956,176,/sample/file/path
8957,176,/sample/file/path
8958,176,/sample/file/path
8959,176,/sample/file/path
8960,176,/sample/file/path
8961,176,/sample/file/path
8962,176,/sample/file/path
8963,176,/sample/file/path
8964,176,/sample/file/path
8965,176,/sample/file/path
8966,176,/sample/file/path
8967,176,/sample/file/path
8968,176,/sample/file/path
8969,176,/sample/file/path
8970,176,/sample/file/path
8971,176,/sample/file/path
8972,176,/sample/file/path
8973,176,/sample/file/path
8974,176,/sample/file/path
8975,176,/sample/file/path
8976,176,/sample/file/path
8977,176,/sample/file/path
8978,176,/sample/file/path
8979,176,/sample/file/path
8980,176,/sample/file/path
8981,176,/sample/file/path
8982,176,/sample/file/path
8983,176,/sample/file/path
8984,176,/sample/file/path
8985,176,/sample/file/path
8986,176,/sample/file/path
8987,176,/sample/file/path
8988,176,/sample/file/path
8989,176,/sample/file/path
8990,176,/sample/file/path
8991,176,/sample/file/path
8992,176,/sample/file/path
8993,176,/sample/file/path
8994,176,/sample/file/path
8995,176,/sample/file/path
8996,176,/sample/file/path
8997,176,/sample/file/path
8998,176,/sample/file/path
8999,176,/sample/file/path
9000,176,/sample/file/path
9001,176,/sample/file/path
9002,176,/sample/file/path
9003,176,/sample/file/path
9004,176,/sample/file/path
9005,176,/sample/file/path
9006,176,/sample/file/path
9007,176,/sample/file/path
9008,176,/sample/file/path
9009,176,/sample/file/path
9010,176,/sample/file/path
9011,176,/sample/file/path
9012,176,/sample/file/path
9013,176,/sample/file/path
9014,176,/sample/file/path
9015,176,/sample/file/path
9016,176,/sample/file/path
9017,176,/sample/file/path
9018,176,/sample/file/path
9019,176,/sample/file/path
9020,176,/sample/file/path
9021,176,/sample/file/path
9022,176,/sample/file/path
9023,176,/sample/file/path
9024,176,/sample/file/path
9025,176,/sample/file/path
9026,176,/sample/file/path
9027,176,/sample/file/path
9028,176,/sample/file/path
9029,176,/sample/file/path
9030,176,/sample/file/path
9031,176,/sample/file/path
9032,176,/sample/file/path
9033,176,/sample/file/path
9034,176,/sample/file/path
9035,176,/sample/file/path
9036,176,/sample/file/path
9037,176,/sample/file/path
9038,176,/sample/file/path
9039,176,/sample/file/path
9040,176,/sample/file/path
9041,176,/sample/file/path
9042,176,/sample/file/path
9068,176,/sample/file/path
9069,176,/sample/file/path
9070,176,/sample/file/path
9071,176,/sample/file/path
9072,176,/sample/file/path
9073,176,/sample/file/path
9074,176,/sample/file/path
9075,176,/sample/file/path
9076,176,/sample/file/path
9077,176,/sample/file/path
9078,176,/sample/file/path
9079,176,/sample/file/path
9080,176,/sample/file/path
9081,176,/sample/file/path
9082,176,/sample/file/path
9083,176,/sample/file/path
9084,176,/sample/file/path
9085,176,/sample/file/path
9086,176,/sample/file/path
9087,176,/sample/file/path
9088,176,/sample/file/path
9089,176,/sample/file/path
9090,176,/sample/file/path
9091,176,/sample/file/path
9092,176,/sample/file/path
9093,176,/sample/file/path
9094,176,/sample/file/path
9095,176,/sample/file/path
9096,176,/sample/file/path
9097,176,/sample/file/path
9098,176,/sample/file/path
9099,176,/sample/file/path
9100,176,/sample/file/path
9101,176,/sample/file/path
9102,176,/sample/file/path
9103,176,/sample/file/path
9104,176,/sample/file/path
9105,176,/sample/file/path
9106,176,/sample/file/path
9107,176,/sample/file/path
9108,176,/sample/file/path
9109,176,/sample/file/path
9110,176,/sample/file/path
9111,176,/sample/file/path
9112,176,/sample/file/path
9113,176,/sample/file/path
9114,176,/sample/file/path
9115,176,/sample/file/path
9116,176,/sample/file/path
9117,176,/sample/file/path
9118,176,/sample/file/path
9119,176,/sample/file/path
9120,176,/sample/file/path
9121,176,/sample/file/path
9122,176,/sample/file/path
9123,176,/sample/file/path
9043,176,/sample/file/path
9044,176,/sample/file/path
9045,176,/sample/file/path
9046,176,/sample/file/path
9047,176,/sample/file/path
9048,176,/sample/file/path
9049,176,/sample/file/path
9050,176,/sample/file/path
9051,176,/sample/file/path
9052,176,/sample/file/path
9053,176,/sample/file/path
9054,176,/sample/file/path
9055,176,/sample/file/path
9056,176,/sample/file/path
9057,176,/sample/file/path
9058,176,/sample/file/path
9059,176,/sample/file/path
9060,176,/sample/file/path
9061,176,/sample/file/path
9062,176,/sample/file/path
9063,176,/sample/file/path
9064,176,/sample/file/path
9065,176,/sample/file/path
9066,176,/sample/file/path
9067,176,/sample/file/path
8767,176,/sample/file/path
8768,176,/sample/file/path
8771,176,/sample/file/path